UserTag,MessageId,Timestamp,Device,OS
courtney90,ENJ,2023-10-03,iPad,Linux
amber55,wJHe,2020-08-01,Desktop,macOS
ramirezaaron,MHdM,2020-05-15,iPhone,Windows
mcgrathspencer,VBajWnMDp,2021-07-10,Web,Linux
zachary62,WwGJqievY,2023-12-22,iPhone,Linux
matthewbridges,RJqtrQ,2020-12-13,Android,iOS
xbryant,IBIunanH,2022-06-07,Android,Android
josephflowers,zh,2021-02-13,Web,Android
jorge10,sGBuNI,2020-01-05,Web,Linux
zlynch,UljlFUD,2022-12-10,iPad,Linux
jhamilton,ihlbYJgt,2020-08-16,Desktop,Windows
rachel51,zZmcNPUDuJ,2020-06-11,Android,Android
roger00,FSbyrbf,2021-11-01,Desktop,macOS
ryanashley,eTjMcR,2021-03-12,Desktop,Android
martineztiffany,tCt,2021-02-06,Desktop,Linux
alejandromccoy,Bh,2022-02-28,Desktop,Android
pattersonkristine,drTR,2022-04-13,Desktop,iOS
kristinabailey,ZAFFRQzJXu,2021-11-04,Web,macOS
kristin01,IVGotJwj,2023-02-01,Web,Windows
jon07,BsM,2024-02-07,Web,Android
adam32,QnXsfSLfj,2021-12-11,Desktop,macOS
johnsonjoy,kNm,2023-09-22,Desktop,Windows
pruittmichael,hdh,2022-05-14,iPad,Windows
rasmussenandrew,VlqHlLQya,2022-10-25,Android,Windows
anthony78,ldI,2022-09-08,Android,Linux
vicki53,Ro,2024-01-01,Android,Windows
fullerstephen,btYoJOzRVK,2022-08-22,iPad,iOS
qgould,nsvQKRxzXI,2022-01-25,iPad,Linux
anthonyrobbins,Ycb,2020-04-06,Android,Windows
brentjenkins,scZlxVwGS,2021-08-20,Android,iOS
tony15,bPOXNYNi,2022-05-26,Desktop,iOS
whitneysmith,dOdzoaF,2022-04-23,Web,macOS
markwhite,qFfPIu,2020-08-23,Android,Windows
uhunt,UbadnoQ,2022-12-03,Android,iOS
michael63,igV,2023-09-29,iPhone,Android
zandrews,gOQmSTtt,2022-12-11,Web,Linux
paulafrye,VXmLPP,2020-08-15,iPad,Android
gward,zACbQn,2022-04-18,Android,iOS
michael07,EfeBLwxOK,2020-05-11,Web,Linux
terry91,qfRHpazw,2021-03-03,Web,Linux
nicholas13,gL,2023-09-30,Web,macOS
miranda70,jJk,2023-01-06,Desktop,Android
johnsonnancy,hUVzFkcB,2021-01-18,Android,Android
tinajohnson,iqwx,2023-08-03,Android,Windows
diazpeter,aMp,2022-09-04,Android,Windows
jennifercarr,Es,2023-10-11,Android,Linux
qrodriguez,AkQJHZ,2021-08-08,iPad,iOS
umosley,KXXdWGE,2021-12-12,Web,macOS
stephanie43,CQMioyrXK,2021-12-21,iPhone,Android
elliselizabeth,ksG,2023-04-10,Web,Linux
robertrussell,YjH,2021-01-11,Web,iOS
robertbennett,NQVswicJQU,2023-10-15,iPad,iOS
wdominguez,owbMbOdgEX,2023-03-16,iPad,Linux
welchjennifer,jPQDV,2023-11-27,iPad,Android
alexis72,TQRv,2021-03-19,Desktop,Linux
jeffreyhill,tUjJltbm,2020-11-27,Desktop,macOS
sarahanderson,EQtwX,2023-10-13,iPhone,Linux
vvargas,cucQbSR,2020-06-08,iPhone,Windows
jillian48,CnQuq,2021-10-20,Android,Android
boothjeremy,sRMoR,2020-03-15,iPhone,Windows
walter78,oMSmNGMCo,2020-11-21,Web,Windows
barkerjose,wEGNfyWnS,2023-09-03,Desktop,Linux
terry66,hdcMqKoFV,2021-06-01,Web,Android
josephthomas,syjqElQ,2022-02-10,Desktop,Windows
hcarroll,cwzKhuEj,2022-08-02,iPad,Android
hnguyen,tzoVpBjm,2021-07-19,Web,macOS
eweiss,EUUWjHyc,2021-03-03,Android,iOS
davemyers,uvzTxtv,2023-01-23,Web,iOS
kboone,fiJOuZ,2020-02-13,iPad,macOS
conniecarter,eTDyzEa,2020-08-23,Web,iOS
danielmcfarland,GcmyoYLVum,2023-02-21,Android,Windows
samanthaallen,DPfyAfiN,2020-05-07,iPhone,macOS
gary51,IydlnC,2022-07-24,Web,macOS
greenetyrone,jJk,2021-04-24,iPad,Windows
zlynch,pBC,2020-06-09,iPad,iOS
robertkelly,eCQUnQk,2021-06-26,Desktop,Linux
rkaufman,tZu,2022-12-05,iPad,Android
manningcharles,XoeL,2022-01-05,Web,Android
ygriffin,NlAlPtvF,2023-10-27,Desktop,Linux
phillip79,cBtHrzFoA,2023-05-09,iPad,Windows
trose,HmrPkTXv,2021-02-04,Web,iOS
nathaniel49,iAkvgX,2022-07-25,iPad,Android
richard44,aWDSwIPeUG,2022-06-09,iPhone,macOS
eric02,PrvU,2022-04-18,iPad,Android
vincentcampbell,WrjZrKAf,2023-07-08,iPhone,Android
julia19,ifs,2023-11-21,Desktop,Android
johnreeves,vWCRX,2020-10-13,iPhone,macOS
fuenteskevin,db,2022-12-25,iPhone,iOS
katelyn15,eNfUAdxKk,2020-11-20,Web,Android
andre58,KxiBDw,2021-02-13,iPhone,Linux
paguilar,SCLDVTlOh,2024-03-13,Android,Windows
hlawrence,kRWLMwjVAT,2021-07-02,Android,macOS
twright,YK,2024-04-10,iPhone,iOS
wrighterik,fHGBUqSgO,2020-06-04,Web,iOS
wadejeremy,adOFOhUWiP,2021-02-15,Web,Linux
johnwelch,JpPwu,2021-10-17,Web,iOS
dellis,cxZIe,2023-06-26,Android,Android
christopher45,KiznNWZy,2022-07-21,Desktop,macOS
jameshall,rQu,2023-03-09,Web,iOS
stonebrenda,ZsrainKNM,2023-05-21,Android,iOS
sherry98,ibNVGnXbUl,2021-06-22,iPad,macOS
belljason,ayr,2021-10-16,iPhone,Windows
ocarr,QZlINlJ,2020-12-24,iPad,Android
jeremy87,wtzDgN,2023-09-11,Android,Linux
ochoamatthew,YttiIa,2023-06-12,iPhone,macOS
candace22,GZYTyc,2021-12-17,iPhone,Windows
darrenhaney,fEMTwwzH,2020-06-21,Android,iOS
theodorecameron,PjkSQXYLo,2023-06-14,iPhone,macOS
larsonkimberly,NxlPK,2021-02-07,Desktop,Android
youngcarlos,nnOdtuxy,2022-09-18,iPhone,macOS
tylerwise,Uh,2024-03-19,Web,macOS
elizabeth98,PEYpduJ,2020-12-09,Web,Windows
gonzalezashlee,BPJtMy,2021-04-30,Desktop,Linux
johnvelez,ooDScUdsaf,2024-01-12,Android,iOS
belinda59,afO,2021-10-28,Desktop,iOS
anne74,wiBvbVxKBA,2020-01-15,iPhone,iOS
martharose,mceBbhlBP,2023-12-31,iPhone,macOS
mclaughlinstephen,TMxkGrOZoh,2022-04-29,Web,Linux
buckjacob,mjEERgsuRK,2020-02-13,Android,macOS
kylebowen,kXcpR,2022-06-15,iPhone,Linux
linda96,eFwpakzc,2021-02-19,Web,iOS
dawnherrera,dKuhnqgAr,2022-07-21,Desktop,iOS
crystalnash,TnkKhB,2021-11-28,Web,Linux
mitchellsarah,fCaBXS,2020-11-06,Android,Windows
johnburnett,MIRNXQNJxx,2020-02-14,Desktop,Linux
holtkaren,ydWfoS,2021-10-25,Web,Windows
sharicain,EOddBGW,2023-12-18,iPhone,macOS
alexandramcgrath,suFVvrDpHi,2020-12-13,iPhone,Windows
pdaniel,iG,2024-03-25,Web,Windows
eherrera,bk,2022-09-11,iPad,Linux
branchrandy,aEi,2021-12-23,Android,macOS
raymond28,Wm,2021-04-18,Desktop,Android
paul59,AkmSotV,2020-10-08,iPhone,iOS
wprice,tyzbJ,2022-01-28,Desktop,Windows
ralphwalker,wxDhI,2020-06-24,iPhone,iOS
bradley81,crED,2021-08-03,Desktop,Windows
ramirezjames,rGvBjBJ,2023-10-03,Web,iOS
cameronwalker,gYHGy,2022-02-19,Android,Linux
wheelermelinda,KIWCVAiim,2023-02-23,iPhone,macOS
jack29,ICqALXBkf,2023-04-19,iPhone,macOS
ryancraig,HzcFZSo,2022-01-21,iPad,iOS
russellsamuel,BRtZgu,2023-10-21,iPhone,Linux
eray,FnJJfAkK,2021-04-18,iPhone,iOS
hgillespie,XCKwVWY,2024-04-09,iPad,Windows
madison62,KbU,2023-12-08,Desktop,Windows
jeremydominguez,eyjjTC,2020-12-19,Android,macOS
rogergamble,MggjXbr,2023-12-22,iPad,macOS
angelavargas,QsUmH,2021-05-26,iPhone,macOS
georgeestrada,IhpIrVxodV,2023-09-07,Web,iOS
julielyons,gqWbojO,2020-09-02,Desktop,Linux
iyu,JpOrNHAal,2021-07-14,iPad,Windows
smithpaul,ioOZ,2023-12-10,iPad,iOS
stevensonbrian,MCX,2021-05-12,iPhone,Linux
benjaminconley,JIWYQDKt,2023-03-28,iPad,Android
johnmcintyre,BJxcmQUKe,2020-07-15,iPad,iOS
allisonfuller,xWyOBMF,2020-04-19,Android,Android
moorelinda,DyZIy,2020-07-22,Desktop,Android
mendozasamantha,DSZZtW,2020-09-21,Android,macOS
benjamingeorge,HOFD,2020-11-03,Desktop,Windows
stevenramos,GEfoz,2020-01-13,iPad,Android
larry94,HDqE,2021-08-10,Android,Linux
williamvelazquez,ORRtrjppCC,2023-12-01,Desktop,iOS
davidhowe,MnmJaOKnI,2022-04-04,Web,Linux
melissa74,AgGNKeOmD,2022-12-20,Desktop,Android
ricardosavage,YesUYN,2021-11-05,Android,Android
upeters,OehbOBWC,2023-05-06,iPad,macOS
briannabaxter,COy,2020-12-21,iPad,macOS
tony15,FdVmIskuf,2022-01-24,Web,Linux
qhenry,kYlT,2020-06-12,Web,macOS
manningcharles,ztkBgwr,2023-04-11,iPad,Linux
bbailey,DpzZGaAElS,2021-02-05,Desktop,macOS
montgomerykristine,JXoJR,2023-03-08,Desktop,macOS
vcowan,Enmo,2021-03-19,Android,Windows
bryan83,QVNPnjhqpf,2022-11-26,Android,iOS
kennethmatthews,uILTqMhD,2020-08-15,Web,iOS
barnesallison,vKN,2023-03-25,Desktop,Windows
josephthomas,YbxQhwO,2022-04-08,iPhone,Linux
wendykelly,QVTG,2020-03-28,Desktop,Android
bartonjessica,DaXYscahVx,2021-10-29,Desktop,Windows
ctaylor,ohevjcDEyL,2023-02-13,Desktop,Android
jacklopez,Een,2024-04-02,iPad,Linux
zhangwendy,dnDd,2021-03-21,Web,Android
atkinsontami,mdu,2021-01-01,Desktop,iOS
biancamullen,cCGkgdNcg,2023-07-01,Desktop,Linux
shannonedwards,lKS,2021-03-15,iPad,Windows
latoyamcintyre,HIKwev,2022-01-20,iPad,Linux
john85,PLL,2022-02-02,Web,Linux
vdawson,ETYGzBUt,2022-03-20,Desktop,macOS
bryan83,FgfKDsWc,2021-07-29,iPad,Linux
yjuarez,FypcjEIX,2022-07-11,iPad,Android
batessarah,IgPbLxwfTM,2023-03-12,Desktop,Windows
johnlopez,mjS,2021-06-06,Web,Android
xmoss,nkFn,2022-04-12,Desktop,Android
ksanchez,hYRF,2021-12-25,Android,Linux
brandon59,Ouk,2022-01-30,Desktop,macOS
holtkaren,qngOCPiD,2020-07-04,Desktop,Linux
millerrichard,LZHHQD,2021-11-16,iPhone,macOS
monroedylan,xngMFORiAB,2022-12-15,iPad,macOS
tiffany08,BDwt,2022-08-03,Desktop,Linux
johnsonnancy,GK,2022-05-17,iPad,macOS
parrishmichael,KfyNnl,2024-01-12,iPhone,macOS
cbauer,TUDBy,2023-07-09,iPad,iOS
tayloralan,wEVRuCKgGF,2023-01-18,iPad,iOS
kaylamartin,GTjIQuh,2022-01-31,Android,iOS
hlawrence,UGWnpY,2021-10-04,Web,Windows
susanfoster,hDSlo,2022-11-23,iPhone,Windows
castrodavid,xktWIbdS,2021-11-23,iPhone,Android
savannah49,dooHPOSLqZ,2020-03-14,Android,Windows
ashleysanders,xUEDuIeLSb,2021-10-24,iPhone,iOS
tracy19,jaej,2023-03-01,Desktop,macOS
buckjenny,mkdGvqvGn,2022-08-16,iPad,Android
laurenvaldez,mcyiz,2021-03-20,Desktop,Linux
ochoamatthew,lMJzHTOE,2021-03-10,Android,Linux
jasonpalmer,lDlO,2020-05-06,Android,Linux
phillipgreene,nFdJhyWAK,2021-01-20,iPhone,Android
jim19,tzIa,2020-05-19,iPad,iOS
michaellynch,tSHJIdVs,2023-09-17,iPad,iOS
tbonilla,czk,2020-02-11,iPhone,macOS
toddandrade,MEtUJmn,2020-10-28,Web,Android
hflores,hVHGa,2022-10-27,Web,iOS
barbara59,VWMIe,2021-10-08,Web,macOS
larsentaylor,Amxv,2020-09-11,iPad,Android
fisherkevin,NhySm,2023-09-22,Android,Windows
lopezanna,Qug,2022-03-26,Desktop,macOS
davidmclaughlin,NsjKnxWWz,2023-07-08,Web,iOS
egibson,tEMeb,2020-01-30,Desktop,Windows
christopherpearson,igk,2020-06-24,iPad,iOS
osborneanthony,oYw,2024-01-03,iPhone,Windows
hailey54,FymWy,2020-07-04,Android,Linux
cristianbautista,YwljyAwGqT,2022-09-09,Desktop,Windows
mark64,FCnCXmWT,2021-09-19,Android,iOS
lsanders,xLNSNR,2022-12-08,Desktop,iOS
janehoward,HGoclOQ,2020-03-27,Desktop,macOS
dsimpson,qma,2020-11-11,iPad,iOS
teresa80,Efq,2020-01-23,Android,Linux
kevinking,eMo,2023-08-31,Desktop,Windows
davisanita,KLdlrYhwnU,2022-10-21,iPad,Android
amanda47,IeNkSSdr,2021-02-05,Android,Windows
stephanie74,SFNlOT,2021-08-31,Android,iOS
jillian19,gZcjv,2023-03-26,Desktop,macOS
smithpatrick,dnDy,2022-03-21,iPhone,Linux
zsims,aHyBMxHJWQ,2020-08-15,Desktop,macOS
daniel45,wXQeRFeJkS,2021-07-28,iPhone,Linux
arthur98,GdVHseNbfm,2022-03-05,Desktop,Linux
smithmartha,SaoMlpIh,2021-08-26,Desktop,iOS
smithleslie,Iav,2022-02-22,iPad,macOS
jeffreyperry,OGetLDHy,2024-03-26,Desktop,iOS
evelynsims,ETYGzBUt,2023-01-02,Desktop,macOS
darrenhaney,PIkKSSAdT,2023-12-07,iPhone,macOS
hlee,OBKJLbYV,2020-10-19,Android,Linux
sarahcontreras,SCeOpGMGN,2023-12-04,Web,iOS
alexanderbrent,jGeDVfuJg,2023-07-20,iPad,iOS
santosgloria,EgRLjlDVU,2022-02-23,iPad,Linux
stephensmicheal,uuj,2023-08-25,iPhone,Android
heathertrevino,rwd,2022-12-15,iPhone,macOS
dburns,xDVCyK,2022-10-11,iPad,Linux
zrogers,KtidLa,2021-04-17,iPhone,Windows
alyssa78,anXie,2020-06-22,iPad,Windows
ginaturner,dzmUre,2023-12-10,iPhone,macOS
brittanyscott,elVQKFspR,2022-01-16,Web,Linux
asmith,QUiGevhPFO,2021-11-08,Web,iOS
yatesnicholas,VE,2022-08-07,Web,iOS
cookrachel,VMxYthLc,2024-02-01,Android,macOS
bobby25,hJIubKIqh,2020-09-12,Web,iOS
abenton,uyjA,2021-11-28,Desktop,Android
jhaynes,PxE,2023-08-15,Android,macOS
nathaniel49,gAiMdefoq,2021-04-25,Web,Windows
kristen63,mumJVpD,2023-09-19,Android,Windows
frederickchandler,DvbGYZcLZy,2022-08-25,iPad,macOS
saramitchell,DZraPM,2022-05-28,Desktop,Linux
bonnielynch,Dz,2021-10-08,Android,macOS
claystacy,IJLyXcQDt,2024-02-26,Desktop,iOS
jessica95,XAQZUw,2021-02-03,Desktop,iOS
bharris,DAmA,2023-04-15,iPhone,macOS
rclark,UtdQ,2023-12-07,Desktop,iOS
charles25,czav,2023-05-04,iPad,Windows
balexander,Vga,2020-12-17,Web,Android
matthewedwards,zXcxUByrX,2021-01-18,iPad,Linux
lochoa,QfrQyf,2020-04-25,Desktop,Android
brandon10,EZOG,2022-02-07,iPhone,Linux
catherine09,TUDBy,2024-03-22,Android,iOS
georgejared,qGXRt,2020-10-04,iPhone,iOS
ethan66,uILTqMhD,2022-01-24,Web,Windows
amyknox,dSNRwyda,2022-11-30,iPhone,Android
meltonnicholas,FWoTkan,2023-02-11,Web,Android
kristenjohnston,bmAHYVU,2020-05-28,iPad,iOS
ipeters,mLWCPmXdYC,2020-01-02,Web,Android
mprice,AFO,2021-09-03,Android,macOS
tduncan,CqxXi,2023-12-30,Android,macOS
william93,juvedP,2022-03-12,Desktop,macOS
logan20,FUwgClfBQq,2020-01-27,iPad,Android
cynthiahenderson,difwJC,2021-11-20,iPhone,Windows
jacqueline95,gVGAuxjX,2020-04-25,Android,macOS
owenkristina,EdjJBbPI,2023-03-30,Desktop,Android
ojackson,PWlyLe,2023-12-10,Desktop,macOS
pjones,vZc,2020-10-29,iPad,Windows
vaughnjonathan,DBLUQmo,2021-07-05,Desktop,Android
collinslindsay,yHgQu,2023-11-05,Web,Android
hollandtara,GjDJy,2021-03-19,Desktop,macOS
anthonyfigueroa,DSIn,2021-02-26,Android,Windows
melissa99,FEulRQAE,2020-11-09,Android,Android
owenkristina,WSlyuxkqoB,2020-03-07,Android,Linux
victoria73,rivqO,2020-02-24,Android,Windows
ecampbell,rpRVzfg,2020-08-29,iPhone,macOS
vshelton,yefMm,2020-12-29,iPhone,Android
zachary62,BuMDxNleGQ,2021-08-16,Web,iOS
sarawhite,UhuJdiAzJF,2020-06-09,Web,Windows
zachary20,dsh,2022-08-25,iPhone,macOS
daviskevin,rShRurU,2020-06-11,Web,iOS
ksteele,Be,2022-09-04,Android,macOS
fguerrero,yxaQU,2023-06-06,Android,Linux
amandadominguez,Xh,2020-06-21,iPad,Linux
humphreysally,eknrqDx,2023-02-14,iPhone,Linux
xwilliams,dKt,2021-02-14,iPhone,Windows
harmonthomas,IJV,2023-05-03,Android,Linux
pjackson,zvWUA,2022-06-20,Desktop,macOS
marcusmendoza,FohZB,2023-10-03,Android,macOS
bryan83,lokcOQLO,2023-01-16,iPad,Windows
caldwellcurtis,SZxDvl,2022-04-01,iPhone,Linux
pgrimes,VoLAEviP,2021-03-31,Web,macOS
sharon18,DZraPM,2020-12-17,iPad,Android
tiffany93,RpD,2023-02-12,iPad,Windows
patricia25,afsCyO,2023-08-22,iPhone,Windows
melissa30,PFH,2020-04-07,iPhone,Android
amanda53,JUSRqzA,2021-09-03,Web,iOS
vdawson,DPRNshTZ,2023-10-26,Web,Android
ronaldfields,XvXCEw,2022-08-15,Web,Linux
hcarroll,YjW,2021-11-17,iPhone,iOS
allisonandre,fV,2023-04-08,Desktop,Linux
smartinez,SNz,2020-09-12,Web,Linux
benjamin84,SSmtasCgHm,2024-01-13,Desktop,Linux
james75,CnFpY,2020-08-09,Android,Linux
chapmanjuan,ptB,2022-06-28,Web,Windows
rachael84,UoWBF,2021-08-29,Desktop,macOS
elizabeth27,NFiKCveZrf,2023-04-21,Web,Windows
tdominguez,AZaWA,2021-11-13,iPad,Android
annetteandrews,kmJJgKuvtB,2022-05-29,Web,macOS
daniel61,pn,2022-01-17,Web,iOS
sarahbooker,wicao,2023-01-31,iPad,iOS
amandaknox,My,2021-10-17,Android,Android
steven50,kUem,2021-01-12,Android,macOS
zflores,wRwH,2022-02-04,Desktop,Linux
jamiehopkins,bPehm,2024-03-09,Web,Android
justin05,SlYjAAN,2023-01-31,Desktop,Linux
petersonlaura,AZhMFkvNbW,2020-11-07,Android,Android
danawyatt,rTcruwxA,2020-03-09,Web,Linux
ralphwalker,dKuhnqgAr,2020-08-11,Web,Linux
kimberlylarson,arWpnth,2020-09-03,iPhone,macOS
mark29,iWotOWGt,2024-02-02,Web,Linux
dprice,Erxa,2021-05-01,Desktop,Linux
nmiles,LQHMwAwv,2023-05-22,Android,Android
sarahpark,aWckUif,2021-01-28,Desktop,Windows
zreese,tdAtzv,2021-11-17,Web,Linux
graymark,yKUV,2022-01-21,Desktop,Windows
wardwesley,wZAmIRYDZu,2021-05-12,iPad,Android
branchmelissa,qSNmkoIk,2021-04-13,iPad,Windows
brownnathaniel,fCaBXS,2023-11-27,Android,Android
nicole01,pA,2020-02-05,iPad,macOS
derekjenkins,kGwq,2022-06-12,iPhone,macOS
cynthiacastillo,eOIiZFGB,2020-04-09,Web,Android
rogersmarcus,HdmaNXohMX,2022-06-20,Web,iOS
dunnjulie,nFAg,2022-08-24,Web,macOS
nmoore,RnrDRb,2021-05-16,iPhone,iOS
moralesjames,JITH,2020-02-01,Android,Windows
justin30,suqVcPL,2023-02-28,Web,Android
jack29,AWPMxAfUFt,2023-10-15,Desktop,iOS
hoganellen,qEpTbdym,2022-06-17,Android,Android
kristi65,MovbgdyhAW,2023-06-18,Web,Linux
carrollsuzanne,bfFwsHklk,2021-03-13,Web,macOS
branchmelissa,hVzlq,2023-12-18,iPad,Windows
matthewgarcia,jXMnQcnN,2022-04-20,iPad,macOS
calexander,vLxYcTf,2024-04-13,Web,iOS
mcdanielamy,SMjnk,2021-03-04,iPhone,iOS
howardjames,onsP,2021-12-12,Web,Android
marymoyer,JXFBbix,2022-03-22,iPad,Android
desireemyers,rihGvrWKg,2020-11-22,Web,Linux
clarkamanda,mrEVMsdfY,2021-08-23,iPhone,Linux
brewerjonathan,zprOlNGb,2023-09-09,Android,iOS
charles25,ZYKJm,2020-11-02,Web,macOS
kylebowen,GK,2023-11-22,Web,macOS
ewolfe,BznPgtWG,2021-06-07,Android,iOS
brookeclark,VveZktC,2024-01-08,iPad,Linux
nicole01,Ddz,2022-08-10,iPad,Windows
vasquezkimberly,wNwMjMZ,2020-05-24,iPhone,iOS
andersonjustin,zxLKb,2022-10-18,Desktop,Linux
taylorlisa,KXXdWGE,2023-08-23,Web,Android
jesse33,xqtjCnivdc,2022-03-10,iPhone,macOS
joshua04,yAC,2020-09-25,Android,Windows
cohenjennifer,HRuQqUxuGb,2024-03-05,Android,Windows
sharon80,tIfmVRRWHL,2020-02-21,Desktop,Android
martintimothy,xEyLmoW,2020-09-08,Web,iOS
elizabeth76,KhJluqaSr,2023-07-06,Desktop,macOS
ryanbryan,oLnh,2022-03-30,iPhone,Android
steven73,WIHQZpXJ,2023-07-19,iPad,iOS
chad30,xIaBbvaCej,2024-02-26,Android,Windows
obrooks,cYvtz,2021-06-10,iPhone,Linux
pennymartinez,zqYgRXnS,2020-03-13,Android,Android
uclarke,VVYAI,2021-06-04,iPhone,Linux
leesamantha,XQkvFQK,2022-10-03,iPhone,iOS
peterwalker,XJUpLQ,2021-11-05,Android,Linux
brandontodd,zh,2022-12-02,Web,macOS
hectorrobinson,CAxvMJ,2020-09-29,iPad,macOS
williamsjose,ftssEFsA,2023-07-24,iPhone,iOS
haileylevy,QfSYO,2021-06-06,Android,Android
tiffany08,bRvQYu,2020-02-17,iPhone,Windows
derekchen,lEVMdWh,2022-05-11,Web,Android
lynnpeters,shnrbJLZjR,2020-12-24,Desktop,Android
gjenkins,Rjlxr,2021-05-08,Desktop,Windows
heather48,cNpHE,2022-11-13,Web,Android
zachary62,dkEGssUf,2020-10-03,iPhone,Linux
jonessarah,zDeK,2023-10-30,iPad,Windows
william83,uyjA,2023-06-18,iPad,Android
gibbsphilip,kYFxaJ,2020-01-31,Web,iOS
igarcia,OSCzTz,2022-07-13,Android,Linux
anne74,ntQCxUsupD,2020-12-09,Android,Android
matthew83,zLLtG,2023-02-13,Web,Android
louisadams,lbHj,2021-03-19,Web,Linux
pattersonaaron,bGAc,2023-03-08,Desktop,macOS
vgarrison,lEstH,2020-05-12,Web,Windows
josephwhite,YWHuwL,2021-05-16,Android,Windows
sandra34,mczfrhQtb,2023-12-02,iPad,macOS
vstein,bF,2023-11-02,iPad,Linux
john38,xrM,2024-01-31,Android,Windows
elee,hWZ,2022-03-03,Web,Windows
dbruce,wZmZZtL,2022-12-26,iPad,Android
iowens,DiRjtbpYs,2024-01-26,iPhone,Android
stephaniepatton,xndH,2022-04-28,Android,iOS
tanderson,yQdeuFNL,2021-05-27,Desktop,Linux
gary97,so,2021-10-19,Android,iOS
xbryant,Mf,2023-03-17,Desktop,macOS
mcknightsarah,VzoefmIsya,2022-12-24,Android,Windows
john96,Ftak,2023-08-16,iPhone,iOS
awright,rEP,2020-10-15,Android,iOS
amandagonzalez,PdwwJ,2021-09-10,Android,Linux
angelasmith,LbBUUJ,2023-12-13,Android,iOS
rhondaodom,dSSykk,2020-03-11,Web,Android
brandonrobinson,yHKmgz,2023-08-15,iPhone,Android
zgreen,UMMFII,2022-02-26,iPhone,iOS
jasonhaas,JOuCIfXzHU,2020-02-08,iPhone,Linux
cheyenne36,nEjA,2021-01-24,Desktop,Windows
daniel93,vXJsGKcRnD,2020-04-19,Android,iOS
martinezarthur,riSZPj,2022-06-02,iPad,iOS
russellsamuel,bmxJfWQMD,2022-01-12,Android,Android
sandra06,iWotOWGt,2023-06-19,Android,Android
stephen77,jq,2020-07-17,Web,macOS
tony58,oVESD,2021-12-13,Desktop,macOS
duartekelly,WtknoTQpKt,2022-12-11,iPad,macOS
nicholegreene,BqzbeLqK,2020-08-22,iPad,Windows
dunnwilliam,TEPCT,2023-03-11,iPad,Linux
terry66,DwWrUfGVZ,2022-03-05,Desktop,iOS
sethhaynes,acdxlpd,2020-05-25,iPad,Windows
yangmonica,yAOyj,2023-05-29,Web,Linux
lcunningham,hVHGa,2020-06-10,iPad,iOS
paul89,czav,2024-01-27,Android,iOS
xjohnson,doefEz,2022-09-27,iPhone,Android
evan06,gJVY,2022-08-23,Web,Android
pliu,ElVSWrEPN,2021-01-21,Desktop,Windows
kristin53,LzfXqV,2020-06-16,iPad,Linux
hartmanjennifer,CmmsQQqw,2023-07-26,Web,iOS
edward56,MApIoG,2020-05-26,Desktop,Android
carrnathaniel,BXPXF,2020-03-24,Desktop,macOS
richardpeters,PLkFJwJZNx,2022-06-04,iPad,Android
hlawrence,QUiGevhPFO,2023-08-14,iPhone,macOS
kenneth48,TlaIJm,2021-11-20,iPhone,iOS
vanessa02,KROEnoIyrs,2022-05-19,iPhone,Linux
charlesbanks,EtAWx,2021-10-21,Android,macOS
gbenson,zeAm,2021-05-28,Web,iOS
adamscaitlin,vdUkMqb,2020-05-18,iPad,Android
clarkmegan,TbnYwnkyi,2023-01-12,Desktop,Linux
josephjones,GvIXFrrvHy,2024-01-14,iPhone,iOS
stephanie75,FsPRvvCHZ,2021-06-17,Desktop,Linux
tylerpeters,VveZktC,2021-05-28,Android,Android
zprice,JITH,2021-06-01,Web,Android
brian78,pnDLkjVu,2022-01-27,Desktop,Linux
tdiaz,BXKBCbBt,2022-03-16,iPad,Linux
rogersjennifer,yOWYydyIWD,2021-10-28,iPhone,Windows
juarezlouis,dmqRvch,2023-06-10,Web,iOS
yferrell,OkIMm,2020-07-26,iPad,iOS
fsullivan,UGHQFvvmGZ,2020-05-03,iPhone,macOS
cpeterson,kkIGnCzR,2023-04-13,Android,macOS
brichardson,xarlIs,2021-02-25,Android,iOS
matthew48,Sw,2022-06-27,Desktop,iOS
vstark,aOSCo,2022-01-30,iPhone,Windows
michael08,ea,2022-10-10,Android,iOS
lsanchez,HNK,2021-12-04,iPad,Linux
johnsondavid,yGImr,2021-01-06,Android,Windows
julia64,rCOoJgsYhz,2020-01-27,iPad,Windows
andre58,ZeZlXn,2023-04-07,iPhone,Android
jonesabigail,lMqR,2021-07-09,iPhone,iOS
markhutchinson,nXXTuqrZ,2020-10-14,Android,iOS
victoriawilliams,VXvGBJL,2021-11-14,iPhone,Android
stephanie56,FMR,2022-05-26,iPad,Android
heather32,Bkcddl,2022-04-08,Desktop,Android
sethmccarthy,NZJdgb,2021-03-26,iPhone,Windows
jayala,VH,2021-09-01,Web,Android
pjackson,DAmA,2021-01-25,Desktop,macOS
martinezarthur,yggbGo,2022-11-24,iPad,iOS
clarkalexis,yAZyAJ,2023-12-02,iPhone,Linux
sanchezmeagan,OuGpbml,2023-10-01,iPhone,Linux
vstark,fbXJoSfZ,2023-07-13,iPad,iOS
joseph82,pvpTWovYQ,2022-11-29,Web,Linux
bowensusan,MJqLf,2023-01-17,Desktop,iOS
allenchristopher,Qzzepmg,2022-03-17,Web,Linux
christina09,PbPLLay,2023-01-30,Android,Windows
perryshelby,zkeYUkZ,2021-09-12,iPhone,macOS
tracy07,ehliSPj,2023-08-02,Desktop,macOS
anthony40,MJqLf,2021-11-21,iPhone,Linux
teresachan,ymEUHOZuQd,2020-05-11,iPad,Windows
wroberts,dkEGssUf,2022-02-03,Web,iOS
danielshannon,cVk,2024-04-04,Web,macOS
ostephenson,jpC,2021-11-14,Desktop,Android
keithtaylor,JxHXvh,2020-03-07,iPhone,Linux
richardgoodwin,RltfYThQF,2024-01-15,Desktop,Linux
stephenthomas,EWhx,2020-09-27,iPad,Android
stacypace,yHgQu,2022-08-17,Android,Android
cookcatherine,jYsjDDg,2020-01-06,Desktop,iOS
xballard,xGdMgs,2022-09-22,Android,macOS
jeffreyvillanueva,cWdl,2020-02-01,Android,iOS
bailey11,iIscxqkIG,2023-12-23,Desktop,Android
xlynch,rQ,2022-03-23,Web,Linux
hardinjennifer,XUPuf,2021-09-04,iPad,Linux
robertsonkimberly,eTjMcR,2023-07-05,Desktop,Android
duartekelly,difwJC,2022-10-12,Web,Android
alexanderthompson,JReZfED,2020-09-13,Desktop,Windows
daniel66,RyrdnliGEA,2023-09-02,iPad,iOS
larsonkatherine,LtrwE,2023-05-18,Web,Linux
unorton,zJkMaMTqXO,2021-09-18,iPad,iOS
icooper,fFKm,2023-12-09,Android,macOS
ohaynes,ROAdoOdzS,2021-02-19,Web,macOS
cramirez,MBdpAF,2024-01-23,iPad,macOS
angela41,HMntu,2023-01-14,Web,Windows
tatejohnny,DyZIy,2020-10-03,Android,Android
silvatyler,uUeRky,2023-12-06,iPhone,iOS
hooveraustin,kg,2021-09-26,Web,macOS
andrewmccarthy,tRApUz,2022-08-01,Desktop,Linux
xschmidt,BIa,2021-04-22,Web,iOS
hcannon,oeurXa,2020-07-24,Desktop,Linux
malexander,aylFH,2022-05-10,Android,Android
crossmelissa,kkbKvj,2022-02-12,Android,Android
rothnoah,ZK,2021-09-04,Android,Android
ashleysanders,JfJYQdI,2022-02-14,Desktop,iOS
steven11,MApIoG,2022-06-23,Desktop,Windows
horneaustin,TBaQdd,2021-05-30,Web,Windows
angelaguerra,ktGjvmtM,2023-03-30,Web,Windows
bbryant,Iav,2023-05-05,iPad,macOS
hopkinsjoseph,OdnSx,2020-01-30,Android,macOS
meganroman,JOuCIfXzHU,2024-03-18,iPad,Linux
ruben29,rKEwbpxsbP,2022-11-29,iPad,macOS
csanchez,JhyE,2022-11-24,iPhone,Windows
btaylor,sbiU,2022-07-27,Web,Linux
khill,FKV,2022-12-03,iPhone,macOS
miguelramirez,mMspLMAcs,2020-10-19,Desktop,Windows
larsonkatherine,RFlM,2023-11-25,Desktop,Android
darrenthompson,SzfOTn,2022-02-14,Desktop,iOS
brooke07,Cq,2024-03-18,Web,Linux
ksteele,rfBrRJQSq,2024-01-23,Desktop,iOS
davidmclaughlin,eDqrOuOmvw,2020-01-30,Android,Linux
thompsonmichael,MbDbzfsCnA,2022-01-20,Desktop,iOS
ble,XPXKbc,2024-03-15,iPhone,Android
dperkins,gAaLc,2021-05-08,Desktop,Android
sandraperez,WOfBWQpJE,2021-01-31,iPhone,Linux
jessica25,rNKdhsz,2022-09-19,iPad,Windows
tbright,rWMptsg,2020-09-04,iPhone,Android
anthonyfigueroa,lSD,2022-11-24,Android,Linux
dixonapril,pEZIcXak,2020-03-05,iPad,Linux
williamsjennifer,rWswh,2024-01-19,Android,macOS
howard25,rWswh,2021-10-09,iPad,macOS
zburns,ZHo,2024-02-18,iPhone,Linux
gmontes,lvFzv,2020-07-28,iPad,Android
ybrown,OtXm,2020-06-02,Android,iOS
mayerpamela,VOBgbVvd,2020-10-21,Desktop,iOS
whuff,bSTtmdFPs,2021-01-19,Desktop,Android
hmiller,mkdGvqvGn,2023-06-10,Web,Windows
caleb86,FeL,2020-01-16,iPad,Windows
joseph96,bEhMcQV,2020-09-21,Desktop,iOS
urobinson,EjN,2022-03-25,Desktop,Linux
hrobbins,VnCgIaBWH,2024-04-14,Android,Windows
howefrank,QJMZlXxbD,2023-09-19,iPad,Windows
michaelolson,xcKxKkfHPv,2022-12-20,iPad,Linux
kwilliamson,ZJAYqL,2020-03-29,Web,Linux
megan10,kXHLWDj,2020-09-20,Android,iOS
michelle25,BpbtGt,2021-06-27,Android,macOS
otyler,QIvmluqB,2022-06-29,Web,Windows
leonard79,AVH,2020-08-09,Android,macOS
westwayne,OYD,2022-04-10,iPad,Windows
kingashley,cDShqv,2021-04-05,Web,macOS
benjamingeorge,fNXrv,2023-09-20,iPhone,macOS
eshannon,mMspLMAcs,2024-01-25,Web,macOS
baileymark,IWrJwkOp,2022-04-03,iPhone,iOS
megan38,FNJq,2020-04-09,iPhone,Linux
george94,IgPbLxwfTM,2023-02-04,Android,macOS
jacobpacheco,VUEFTsNCb,2023-08-18,Desktop,Linux
frenchpaul,dvxv,2024-03-29,Desktop,iOS
jamesmoore,VE,2022-03-03,Web,Android
randrews,IdLPLjB,2020-04-10,iPhone,Linux
moorealexander,ZFlGfnOveo,2020-08-12,iPad,Android
pmccullough,vLxYcTf,2024-03-14,iPhone,Linux
kevin26,BRtZgu,2022-11-29,Android,iOS
jacobsjeremy,iUEYXDx,2020-10-10,iPhone,Linux
carpenterjaclyn,myvSA,2024-03-04,iPhone,Linux
richardsonbryan,eLYqHmU,2023-12-13,iPhone,macOS
jacobsonchristopher,DPRNshTZ,2021-10-08,Desktop,iOS
chelsea76,NETvKfJjI,2020-10-31,Desktop,macOS
fullerstephen,AiVrsz,2023-12-21,Desktop,iOS
xandersen,HHh,2020-05-13,Web,macOS
greenleslie,XgNsFCXVyl,2022-01-01,Android,iOS
davidsanchez,lEDR,2022-06-08,Android,Linux
sanchezmeagan,ekx,2021-05-16,Android,Android
lisa95,LOkG,2022-02-27,Desktop,macOS
melendezgerald,miEz,2024-01-07,Android,Android
morrisoncrystal,igV,2022-08-20,iPad,Android
ithompson,MJqLf,2022-09-24,Desktop,Android
courtney64,eyDSiCJkVj,2021-05-25,iPhone,iOS
jennifer20,PCPAkEdrqK,2020-01-18,Android,Linux
eric02,atjE,2022-07-25,Web,Linux
bpatterson,yK,2020-01-14,Web,iOS
jeffrey65,TpwzOgBpQs,2024-02-03,iPad,macOS
carolynjames,TdfRV,2020-05-01,iPhone,Windows
davisdavid,mrQcg,2022-01-26,Desktop,Linux
matthew67,GdVHseNbfm,2023-11-28,Android,Windows
sarahjones,vdUkMqb,2022-06-10,Web,Linux
cpeterson,QcNPUhgMwj,2020-07-05,Web,Windows
gregory74,hhr,2022-07-30,Web,macOS
turnerwilliam,igV,2021-07-03,Web,Linux
justin05,pU,2021-09-26,iPhone,Android
fwhite,Cjt,2023-07-26,Android,macOS
kelseydavis,HuU,2020-04-04,Desktop,Linux
dperry,jCgyMrp,2022-07-30,iPad,iOS
zsanford,vgSbIkmZD,2021-06-14,iPhone,macOS
shernandez,ePweenQ,2024-01-31,Desktop,Linux
jeremy11,HLmKySc,2020-02-09,Android,Linux
wendyhoward,Cq,2023-04-15,Web,iOS
webbmathew,mH,2021-12-08,Android,macOS
matthewliu,vDyaf,2023-11-08,iPhone,macOS
stevensoncraig,DM,2022-02-12,Android,Android
mayerpamela,eLuzMjXJgA,2023-05-16,iPad,Windows
haysalexander,ZLnebDG,2023-02-28,iPhone,Windows
muellerdaniel,YnJqOU,2024-03-11,Desktop,Windows
rellis,NoYiINKf,2021-03-23,iPad,iOS
sherry62,oSStAWZuI,2023-08-29,Android,Android
marvinparks,WbWRZO,2021-06-12,Android,Linux
victormurray,mdu,2020-08-24,Android,Linux
alexaewing,KdMBtxbaW,2022-07-07,Desktop,Windows
michael63,buK,2020-05-30,iPad,iOS
joe07,azbH,2020-04-07,Desktop,Windows
sarah77,sOv,2020-11-21,iPad,Linux
peckeric,RdeVPh,2020-02-13,Web,macOS
rodriguezleslie,tbSGe,2022-10-10,Android,Linux
marissawells,Qnux,2020-08-26,Android,iOS
epoole,zDiPKPYHdH,2020-04-23,iPhone,Linux
adam09,rCugRliIC,2021-08-04,Android,iOS
williamsclaire,YXkHitAUFc,2023-11-12,Android,iOS
austinjade,MySdyLxaS,2021-08-30,Desktop,iOS
gilbert43,kqaeI,2021-11-25,Desktop,Android
hrandall,tfmGBlohs,2020-01-07,Android,Linux
ihamilton,qUPaa,2023-07-23,Desktop,Windows
michaelmoyer,eswVc,2022-01-18,iPhone,macOS
walter75,Fd,2021-07-24,iPhone,Linux
perryrobert,vOsI,2022-07-19,iPhone,macOS
abarnes,MbDbzfsCnA,2023-03-23,Desktop,Windows
qmoran,SXOb,2020-04-07,Web,Android
laura37,fxb,2021-09-09,Android,Windows
james17,nX,2021-07-03,Android,macOS
richardtaylor,CAEI,2020-08-06,Desktop,iOS
medinajulie,JJnXlRerO,2020-10-25,iPhone,Linux
claire28,Hxl,2023-06-22,Android,iOS
rterrell,kKHDnoH,2020-09-16,Desktop,iOS
jessica99,zv,2024-03-27,Desktop,macOS
nberry,ncifpgIK,2020-10-25,Android,Android
taylor60,daO,2023-12-17,Desktop,macOS
sheltonalyssa,PICPGMKyaU,2024-01-10,Android,Linux
patriciaoneill,YjW,2021-04-16,iPad,macOS
ypaul,PBB,2023-10-02,Web,Windows
stephaniecarlson,dkEGssUf,2021-08-25,iPhone,Linux
tlynch,sni,2020-02-02,iPhone,Linux
hollandtara,jGHOMAPnm,2021-07-25,iPhone,Linux
anthonyobrien,Arj,2020-01-10,Desktop,Windows
jerry83,djfmsauTml,2020-08-02,Desktop,Android
cooksteven,lMJzHTOE,2021-02-09,Android,Android
pamelabanks,hLWxaJQKs,2022-05-29,iPhone,Android
houstonlisa,EvrHpdGnAv,2021-06-27,iPhone,Linux
charlesbanks,ZrN,2020-11-08,iPhone,macOS
deborah27,hQq,2022-03-23,iPhone,macOS
scottrachel,YIofvjIP,2022-12-19,Android,Windows
lawrencemichael,XexeznLHl,2021-01-19,Android,iOS
atkinsontimothy,PBaf,2022-04-12,Desktop,macOS
torreslauren,CSBnvCuzY,2021-02-08,Web,iOS
katherinedean,KJdBi,2021-09-30,Android,macOS
brittanyedwards,xycUt,2022-05-06,iPhone,macOS
sarahleon,LXhuf,2023-04-21,Desktop,Linux
timothycortez,Gpk,2022-01-22,Web,Windows
jennifermyers,jqmIStY,2023-12-23,Android,Linux
kmathis,hQq,2020-01-27,iPad,Android
darrenthompson,PxE,2022-08-14,Web,Linux
xlane,aQPm,2023-09-07,Android,Linux
briannarodriguez,xcBLlGs,2021-05-06,Web,iOS
xhall,cFoxA,2022-03-20,Web,Windows
ashleycrawford,wdrPcXak,2022-06-10,Web,iOS
larry06,MmL,2021-02-21,iPhone,iOS
kinglinda,miEz,2020-02-01,iPhone,Linux
brittanynichols,IZn,2022-07-08,Desktop,Linux
greggbradley,lUIYpvyK,2023-03-13,Desktop,Windows
jeffersonsherry,pOxeKv,2020-04-30,iPad,Android
thomassparks,pHkVFmC,2022-12-20,Desktop,macOS
hancockdiane,uxxrZBfjfV,2020-12-11,iPhone,macOS
john54,QXhEPElT,2021-04-18,Android,Linux
jeffrey96,Ge,2023-11-22,Desktop,Linux
carolnguyen,WHzTWlFSb,2020-06-24,iPad,macOS
xconley,sRfIz,2022-04-01,Desktop,Android
alexandradavies,ryUld,2021-03-04,Desktop,Windows
tracy19,bhfYF,2023-10-30,iPhone,iOS
roseanthony,fyc,2024-03-12,iPhone,iOS
williamsjerry,aUCBG,2021-03-04,Desktop,Android
sarawhite,nnqjSLs,2020-11-02,Desktop,Linux
williamsjose,CulSPzJh,2020-01-26,Desktop,Linux
elijah66,LaLY,2020-12-10,Web,iOS
thomas65,BjqhSxEP,2020-07-13,Web,Linux
traceygrant,vGYOWCqA,2020-04-03,Android,Android
jaredhernandez,mQXchMm,2023-11-27,iPad,Linux
fordjose,iHNqWH,2020-02-16,Desktop,Linux
huertakelly,ONrvFU,2021-09-25,iPad,Android
fwalsh,Xr,2021-06-02,Android,Windows
ericmoore,dTGvjRFBA,2020-12-27,Android,Linux
rhonda15,rQ,2022-04-02,iPhone,iOS
natalie11,fDXS,2020-10-01,Desktop,iOS
davisbrian,ZVlxUJtIfz,2020-06-26,Android,iOS
mary81,Efmrw,2020-03-27,Android,Windows
thomas81,vxqStq,2021-02-14,Android,macOS
haley79,EVHlY,2021-01-13,iPad,macOS
mbennett,obYiVKTn,2023-11-27,Desktop,Windows
rebeccamorse,bNuKVSbD,2024-02-28,iPhone,Linux
smeyer,WXclZM,2020-06-02,iPhone,Android
carrie90,ZQmlBril,2022-11-03,iPhone,Windows
jerrybernard,qeojlnEC,2021-06-26,Web,Android
jonessteven,hbGVNSgHb,2021-09-26,Android,Linux
eshaffer,rjLgXD,2022-09-23,Desktop,Windows
charlesjohnson,WkCEAMtk,2020-07-06,iPhone,Android
margaretrice,pEZIcXak,2022-08-01,iPhone,macOS
gregorytorres,sDqdGRVAzS,2021-12-23,Android,Windows
dwang,nOQHAdBq,2022-08-31,iPhone,iOS
hickscrystal,PUr,2023-07-19,iPad,Android
hcarroll,YwljyAwGqT,2023-01-12,iPad,Windows
jason54,GxoY,2020-09-08,iPad,macOS
tduncan,KPQvxdO,2022-10-16,Web,Android
aaronmcmillan,hyRBCsJ,2021-09-13,Android,Android
rebeccamorse,aqML,2024-03-03,iPhone,Linux
hornnicholas,AeNHaTxHvz,2022-12-20,Desktop,iOS
carolynjackson,PUDLxtk,2020-06-08,iPhone,macOS
morgansuzanne,lQEY,2021-10-01,Android,macOS
tracy19,NrLvHve,2020-11-15,Android,iOS
evelynarellano,ZsrainKNM,2022-05-29,iPhone,Linux
randrews,SNXznBgi,2023-11-20,Desktop,macOS
ofoster,ZSaBLDE,2023-01-04,iPad,iOS
johnsonkatrina,mYVGN,2020-02-26,Web,Windows
herreraaudrey,eSKYjvkP,2024-01-14,iPad,macOS
masonbrandon,PEwutBKO,2021-01-03,Desktop,iOS
hammondgabriel,oXHp,2021-03-24,iPad,Linux
qburton,XNDz,2021-05-06,Android,iOS
shawwilliam,BdJ,2023-02-06,iPad,macOS
alvarezrobert,cYvtz,2020-12-23,iPad,iOS
amyers,EMNBCCg,2020-11-08,iPhone,macOS
johnrivera,lIDt,2020-04-17,Android,iOS
julie68,rmFv,2022-12-28,Desktop,Linux
maureenherring,DEJzXhjh,2024-01-09,Web,Android
wjackson,MJGxhXE,2021-05-05,Web,macOS
karen23,Fvv,2022-11-18,Web,Linux
pattersonricky,rolzfP,2023-08-17,Desktop,iOS
raymondconley,RXimw,2020-07-08,Web,macOS
fuentesaaron,ZZIoeqVdg,2024-01-24,Web,Windows
walterberry,eybvGB,2020-03-05,Web,iOS
johnmcintyre,NM,2021-11-20,Desktop,Windows
staceymacdonald,hvf,2022-04-07,Web,macOS
coreymontgomery,uoaugP,2023-03-01,Android,Android
obeck,fZcAbb,2023-11-07,Web,macOS
vasquezpeter,oYbCnP,2021-04-20,Desktop,macOS
mcantrell,qvSGcQVD,2021-01-24,iPhone,iOS
sanderstimothy,jh,2021-06-16,Android,macOS
anthonystephens,ByiHdJ,2023-08-20,iPhone,Android
campbellcheyenne,SXdfRw,2021-08-08,Android,Android
woodsara,oQUYGfcgO,2022-10-02,Desktop,Linux
bruce21,BOVgM,2021-04-01,Web,macOS
nicholas13,ThxBKDl,2023-07-28,Android,iOS
loganrobert,JVLckAfl,2021-12-14,iPhone,macOS
barbaramyers,lSD,2021-10-05,iPhone,Android
megan56,rsi,2021-05-20,iPhone,Android
evan06,ynmQfg,2022-04-02,Desktop,Windows
rgarcia,rWMptsg,2022-08-31,Android,iOS
nicole01,FGx,2023-11-16,iPad,Windows
wendybarron,Ke,2023-08-05,iPhone,Android
christina09,sEixoI,2023-07-23,Android,Android
josephthomas,Fp,2022-12-08,Web,Windows
lisa90,tmoEU,2024-01-23,iPad,iOS
mjimenez,YesUYN,2023-11-16,Desktop,macOS
lawrencemichael,lciBbKZ,2022-07-14,Desktop,Windows
pbenjamin,RnSJVnW,2021-05-30,Web,macOS
harrisbrenda,AzSETvu,2023-06-29,Desktop,macOS
frankjohn,jpmZIzO,2021-01-28,iPad,Linux
qgonzales,cjYIrjcG,2022-09-23,Desktop,Windows
vanessa60,leQOPzbY,2022-09-21,Desktop,iOS
umosley,FbhmN,2021-01-04,Android,Android
jeffery28,Zsqrn,2023-07-01,Android,macOS
brian24,uDqSm,2024-03-01,Android,Android
peckkayla,NLde,2021-07-22,Web,Windows
marymoyer,XUFyXz,2021-08-04,iPad,Linux
smiller,OzoIJikkqf,2022-02-12,iPad,macOS
pmercado,rY,2022-04-26,Android,Windows
lisamadden,QMPaioigVb,2023-03-11,iPhone,macOS
michael17,rDZzjpHWs,2023-12-30,Web,Windows
ebeard,sni,2023-11-15,iPad,Android
allenchristopher,ebsiQiW,2021-03-10,Web,Linux
kenneth29,YLpH,2023-10-25,Desktop,iOS
ppaul,cqjRkcWUR,2020-10-27,iPhone,Android
hendersoncrystal,hvWSDEy,2020-09-05,iPad,macOS
katherinewolfe,ZCOfrC,2022-02-15,Desktop,Android
alexvelasquez,uGJXG,2021-07-19,Android,Windows
james42,qRBM,2022-10-11,Android,macOS
justin74,TpjAQQaaAZ,2020-11-04,Android,iOS
theodorecameron,hpr,2022-02-25,Android,Linux
floresmatthew,Lf,2022-02-01,Desktop,Windows
sean01,vKgcM,2021-02-08,iPad,Windows
travisnelson,cx,2020-03-31,Desktop,Windows
nmitchell,CQjlkv,2020-07-29,Web,Linux
michael66,qXGbYX,2020-01-06,iPad,iOS
candice41,dfMw,2024-04-03,Android,Android
petersonheather,Whur,2022-01-02,Desktop,iOS
turnerbrandy,Ro,2021-10-05,Android,Linux
xsanders,DqZkvJ,2020-09-02,Desktop,macOS
qthomas,zj,2020-12-25,Web,Linux
daviskevin,iWEl,2023-04-21,Android,Linux
ashleygray,FeL,2021-03-01,iPhone,iOS
jramirez,JquY,2021-09-25,Web,Android
jonathan79,ozyyQh,2021-03-01,iPad,Linux
jenniferlong,iYjXhk,2020-02-11,iPhone,Android
valerierobles,mEZmofJUIa,2022-02-15,Web,Android
silvajennifer,SzFEDuY,2023-02-03,Web,macOS
gibbsphilip,Fzw,2020-12-02,iPhone,macOS
cardenasjennifer,yjhNJh,2024-01-08,Android,Android
guerrastephen,hhr,2023-05-17,Desktop,Linux
davideaton,TUDBy,2022-08-11,Web,iOS
xcochran,yRBbtnF,2023-12-06,Web,Windows
salazarcindy,KXrQkbwhl,2020-10-31,Web,Android
walterjohnson,wvntHwDpZ,2021-02-11,Web,Android
patricia18,qlUWEwer,2022-06-14,Desktop,Android
nathandurham,YLAJDlNg,2020-11-30,Android,iOS
pamela87,fZcAbb,2022-05-11,Android,Windows
wking,BIa,2020-03-09,Desktop,Windows
vwalker,PFH,2023-07-21,iPad,Android
imendoza,MyrXw,2020-06-26,Android,macOS
martinrobin,XgUlvuAg,2023-07-27,iPhone,iOS
jameshall,JbtkA,2023-09-01,iPad,Windows
kimberlyscott,OgglmW,2020-05-26,Desktop,Linux
kathleenyoung,kNrpNGzpyx,2023-12-22,Android,iOS
burtongeorge,XNDz,2022-11-29,Desktop,Linux
haysalexander,JItzOeNj,2022-05-20,Desktop,Windows
hlee,sDEvKluPk,2020-04-24,iPhone,Linux
dellis,qzRcHpJ,2023-03-06,Desktop,macOS
yolandastevens,PD,2023-06-25,Desktop,macOS
heathermontgomery,OwjWrWreM,2022-05-18,iPhone,Linux
sheila04,JkmEjAd,2021-10-06,Web,Android
etaylor,oHGCS,2022-10-23,iPhone,iOS
williamboyd,lFtxethj,2023-08-28,iPhone,Linux
hollandronald,kGqP,2021-01-18,Android,Windows
joshua04,IPvrR,2020-02-08,iPad,Windows
jenniferlong,JNw,2022-09-15,Web,macOS
grahamphillip,XARjc,2023-08-04,Android,Windows
nicole27,MlLtpBYV,2022-03-23,Web,macOS
thomas01,ryZAtLGczO,2022-02-17,Desktop,macOS
singhconnor,hrddHSgDHj,2023-07-01,Android,Windows
williamgraham,MZq,2021-07-20,Desktop,Windows
william77,ZLnebDG,2023-05-24,Desktop,Linux
johngonzalez,yfIuC,2020-05-15,Web,Android
marymorton,NueoYdiQYJ,2020-12-17,Desktop,macOS
merrittnathan,KIWCVAiim,2022-01-02,Android,macOS
charleslopez,oSqGCgKUvA,2023-03-25,iPhone,iOS
lmitchell,Wcp,2021-03-08,Desktop,Linux
gwilson,lGg,2022-05-22,Web,macOS
apierce,nWV,2020-02-24,Android,macOS
jessica71,Dh,2023-12-08,Desktop,macOS
davisjessica,NofClEGE,2021-09-18,Android,Android
ann34,XJUpLQ,2020-07-27,Web,Windows
lisa27,YpQZnI,2024-04-09,Web,Windows
jasonmartinez,LWDatZ,2021-02-11,Web,Windows
jenniferarnold,VxwTQbljHm,2020-02-29,iPad,Linux
qmcconnell,SaoMlpIh,2021-11-18,Android,Windows
michaelhays,YIEghMcbQ,2021-03-02,iPhone,Android
madams,bXRn,2020-05-12,iPad,iOS
elizabeth14,wPYqugbg,2023-08-08,Web,macOS
caleb61,mkAIiqD,2024-04-08,iPad,Windows
hicksgregory,QgnGPob,2020-11-09,Android,Android
jose18,rYMa,2021-03-24,iPhone,Android
travismccullough,Kzk,2021-08-19,iPhone,macOS
nicole01,fNHPiS,2021-05-08,iPhone,macOS
ymyers,BNdkx,2020-02-14,iPhone,Android
cjohnson,FCnoiibd,2020-10-07,Desktop,Windows
alvarezsamuel,hWZ,2020-04-01,Android,Android
amber55,GFVbZPXPZ,2021-06-23,Desktop,Android
amanda47,XN,2022-11-11,Desktop,Windows
davidnavarro,DBMlL,2021-10-11,iPhone,Linux
megan84,ePweenQ,2023-08-29,Android,Android
vstark,hvTWw,2024-04-12,iPhone,iOS
phelpsgavin,lRdJk,2020-10-21,iPad,Windows
rknapp,huyGO,2022-02-07,iPad,Windows
leduane,OBcWPzUmmC,2023-04-04,iPad,iOS
harmonthomas,dgw,2023-10-22,iPhone,Android
wwarren,nZvMu,2022-03-09,Web,Linux
scotttimothy,qswfqc,2021-04-30,iPhone,iOS
carol81,ZIX,2021-04-04,Desktop,macOS
freemanmichael,xsjhz,2020-11-07,Web,macOS
gatesjessica,MGvt,2021-03-10,iPad,Linux
desireemyers,PmUVCX,2022-10-20,iPhone,Linux
benjaminschmidt,kpbxMhu,2020-12-01,Android,Linux
vwang,oynNSAV,2021-04-10,Web,Windows
ashaw,zxzZVmyNOS,2023-07-29,Android,Android
fostercarrie,SwKqJRS,2023-10-06,Desktop,iOS
anthony84,VUohkZq,2021-03-27,Desktop,Linux
andrew32,OMBsU,2024-02-07,iPhone,Linux
hilldaniel,UVgkpq,2023-02-15,Web,Linux
hperez,ODuQClCzp,2020-08-16,iPad,Android
pallen,mhhHzYC,2022-02-07,iPad,iOS
alexander31,kDRnxSnmf,2020-09-03,iPad,Linux
contrerasjustin,viZtrANnsy,2023-11-21,Web,Linux
ocarr,jaej,2020-10-03,Web,Linux
garrisonandrea,dzh,2021-07-14,Web,iOS
zflores,FvekIGIyVA,2021-04-23,Desktop,macOS
crystal04,om,2023-08-31,iPhone,iOS
gregoryblair,ayKrpIgJOp,2020-01-27,Android,iOS
brenda48,PAnT,2020-03-30,iPad,Linux
tony86,juvedP,2022-04-15,iPhone,Linux
martinmelissa,vASr,2023-12-05,Android,Android
barbara59,XcEjYnFjWN,2023-09-23,Web,Windows
hannahcurtis,dcc,2023-05-27,iPad,macOS
jonesdwayne,eDKYFFpQ,2022-09-23,Desktop,Windows
jfoster,Jdtb,2022-06-13,Android,Android
stephen86,NNfHtXNb,2023-01-25,Web,Linux
emilyrodriguez,cBtHrzFoA,2020-11-12,iPhone,macOS
bennetttommy,bhfYF,2022-06-24,Desktop,Windows
johnadkins,wEsxlAV,2024-01-09,iPad,Windows
cherrera,JKBor,2021-05-03,Web,Windows
douglasdavis,xgAXow,2023-11-18,Desktop,Windows
kingamanda,KNJW,2023-07-14,iPhone,Windows
dixonchristina,ymEUHOZuQd,2020-09-26,iPhone,Linux
ygutierrez,quj,2022-07-10,Android,Android
yharper,umEprmG,2022-10-13,Web,Android
ochoamatthew,wqYLgPp,2020-01-31,iPad,macOS
jamiecooper,dMhmmt,2020-04-13,Web,iOS
pamela96,yNmKY,2023-10-15,iPhone,Windows
jacobmcdowell,rzdGxZIYrW,2024-01-07,Android,Android
victor70,mJFJvVoD,2022-08-03,Web,Android
usherman,GcpktKzyA,2024-03-27,Android,Linux
terry91,oVESD,2020-09-23,iPad,iOS
matthewliu,ASse,2020-12-22,Desktop,Linux
kinglinda,kfTG,2023-09-30,Desktop,macOS
hernandezshannon,mdu,2022-07-20,iPad,Android
mariemiller,rJoqU,2022-02-21,iPad,iOS
gkhan,shnrbJLZjR,2020-02-09,Desktop,iOS
nicholas60,VtT,2021-07-07,Web,iOS
kennethgray,oUlMDdORU,2021-02-24,Desktop,iOS
angelalewis,EZqy,2020-11-15,iPhone,Linux
lisanewman,GSMZzKY,2022-01-07,iPad,macOS
qjones,vAgMMdn,2023-11-16,iPhone,Linux
yferrell,MeVzpr,2023-01-15,iPhone,Android
dillon97,zdSB,2024-03-08,iPhone,Windows
mcknightsarah,TKHrfhpwhD,2021-06-04,iPhone,iOS
larsonkimberly,hQq,2021-02-23,iPhone,iOS
kespinoza,CYv,2024-02-26,iPhone,Windows
hrodriguez,eLDq,2024-02-11,Web,Android
shanereynolds,GxoY,2022-03-18,Desktop,Linux
kathleenyoung,obYiVKTn,2023-05-23,iPhone,Linux
cardenasjennifer,WmYhzzsd,2020-12-28,Android,iOS
kathleenwilliams,Xblpycus,2023-04-28,iPhone,macOS
wendylopez,yjQelzlyUd,2022-08-14,Android,iOS
schneiderscott,JxHt,2020-08-24,iPad,Windows
alexanderbrent,esbL,2023-04-15,iPad,Linux
christopherpearson,UWeRbrWpfO,2023-02-20,iPhone,iOS
jennifer20,TOLQTEeZK,2022-03-27,iPhone,iOS
derekjenkins,ORnAW,2024-01-10,Web,Linux
pjohnson,wzyfTY,2023-09-20,Desktop,iOS
toconnor,mYVGN,2023-12-05,iPhone,Android
dprice,vknlkyeHc,2021-05-10,iPad,Windows
joelpacheco,ptB,2022-07-31,iPhone,iOS
nmontoya,bofdaC,2021-12-28,Android,Linux
ctaylor,umEprmG,2020-03-21,Desktop,Android
harmonlaura,IJogLMH,2023-09-28,Android,macOS
matthewjohnson,WJs,2020-06-15,Desktop,macOS
lgreer,AoOwJhIq,2023-02-04,Web,macOS
palmerronald,NSLkTr,2020-11-09,Web,iOS
jordantracey,ZHo,2023-04-16,iPad,macOS
suzannehaas,dVYKkvD,2023-12-26,Android,Windows
xholmes,sAi,2022-11-17,Desktop,Windows
katelyncook,hlVrQs,2023-12-14,iPad,iOS
heather84,pPnlOxEaQR,2022-09-19,iPhone,Android
donaldhall,cx,2021-08-26,Desktop,Windows
alexvelasquez,SJVfoSwx,2020-03-03,iPad,macOS
catherine54,wlAyi,2022-08-23,iPad,Windows
ynewton,pDV,2023-06-24,Android,macOS
pattersongary,Xvv,2020-08-01,Desktop,Windows
jessegonzalez,fEexMmX,2024-03-21,Web,Android
delacruzsusan,xLyyxwq,2020-03-27,Desktop,Android
qsolomon,rtIlNA,2022-07-01,iPad,Windows
robert82,IlRJGduue,2023-12-11,Web,Windows
jennifer35,wTmxujdGY,2023-07-25,Web,iOS
samuelwells,NnLuqTAZ,2023-03-31,Desktop,macOS
justin78,ORRtrjppCC,2023-11-23,Android,macOS
heatherkramer,Qhn,2023-01-24,iPad,Windows
khicks,Een,2024-02-03,Desktop,Linux
alexandra11,Xd,2022-07-17,iPad,Android
lisamurphy,xeeZgqUlPH,2023-12-15,iPhone,Android
blakebryan,wrbwWMLFSC,2021-10-18,iPhone,Windows
timothybarrett,ENFNqtCXLV,2020-05-21,Android,Windows
wmoore,nzeaE,2020-01-12,iPhone,Windows
martinlisa,uctx,2020-09-21,Android,Android
reyesamanda,qlsJtgm,2021-10-28,Web,iOS
rharris,bidlcmbx,2023-08-15,iPad,Android
dunnwilliam,iZCnTXAeQ,2021-12-31,Desktop,Android
thomas89,tZaKuX,2020-07-10,Desktop,Linux
emily60,CXqKYV,2022-06-23,Android,macOS
timothylewis,rlxPhmLj,2021-01-12,iPad,Android
chendricks,zpHzdoC,2021-01-21,iPad,macOS
nicolewilliams,mH,2020-08-24,Desktop,Android
sabrina74,dtzMeIX,2023-05-02,Android,Linux
drakeharold,tv,2021-10-29,Web,iOS
christopher25,kfSyc,2021-05-13,iPad,Windows
david17,bgxAC,2020-12-01,iPhone,Windows
baileymark,aGIfWJt,2021-12-14,iPhone,Windows
mjimenez,EUPxoW,2022-12-06,iPad,macOS
megan84,lbYU,2022-06-11,iPhone,macOS
heather48,hG,2022-10-26,iPhone,Linux
campbellcheyenne,Xzqw,2021-08-26,iPad,macOS
danielbrown,EXhRNHej,2022-01-29,Web,macOS
gomezjacob,OhYDpd,2021-12-17,iPhone,Windows
pwoodward,RBdlv,2023-11-20,Android,Windows
bettymunoz,sxYksIai,2020-07-17,iPad,Android
vincentcampbell,to,2021-07-02,Android,Linux
jennifer20,UyT,2020-04-08,Web,Linux
gflores,baEBMuZp,2023-08-20,iPhone,Android
sabrinadecker,DrNqFrqSc,2021-03-04,Desktop,Linux
ibennett,nFAnmrXY,2020-03-26,Desktop,iOS
wallacejason,uACkhcOMTU,2024-01-26,iPhone,Linux
linisaac,nO,2020-06-17,Android,iOS
combsthomas,QgE,2023-08-02,Desktop,Windows
nrose,yCWuf,2021-09-29,Web,macOS
thomasmolina,JXoJR,2021-10-15,Desktop,macOS
henry39,iiOcFM,2021-03-17,Desktop,Windows
carol47,NZnmczwXe,2023-06-18,iPad,iOS
katherine40,awXLXZwVyW,2023-01-13,Android,iOS
ewolfe,SMh,2020-01-09,iPhone,macOS
daviddoyle,uAABc,2022-12-04,Android,Android
joneskimberly,pZUnciHvu,2023-09-12,iPhone,Android
danielrodriguez,PtXQumh,2021-11-20,Desktop,Android
valenciaanthony,jJeHSNMa,2023-05-28,iPhone,Linux
michael07,vYUBx,2023-05-10,iPhone,iOS
shansen,nLqDm,2023-09-20,iPad,Linux
mmeyer,ssvC,2023-07-18,Android,Android
lisahenry,tywgaBeH,2020-01-05,iPad,Windows
abbottmakayla,OjoiGXxDEt,2022-03-22,Web,iOS
fbeltran,BpLqIAplfo,2022-07-03,Desktop,iOS
josephharris,feV,2021-04-06,Desktop,macOS
gatesjessica,FzwYitPv,2023-11-27,Web,Linux
amber45,dsOzsoaczY,2021-05-26,Desktop,Android
sherry55,bTGja,2023-02-21,iPhone,macOS
tbrowning,hDzpKkc,2023-09-11,Web,Android
troywalker,fPZLYnmq,2023-05-01,iPad,Android
omendez,tZPmEH,2022-04-02,Web,macOS
patrick69,BXKBCbBt,2020-10-27,Android,macOS
qglenn,Qg,2020-03-23,Web,Android
bartonjessica,aPK,2023-11-30,Web,iOS
marcus31,JMt,2020-08-19,iPhone,macOS
phillipslaura,HbsiQxN,2022-11-01,iPad,macOS
hortondaniel,aTagoSO,2023-10-01,iPhone,Android
jkline,RyrdnliGEA,2023-04-10,Web,Android
merrittnathan,Rze,2020-07-15,iPad,Android
eshannon,Rjlxr,2021-06-02,Web,iOS
mariahsullivan,boUubdM,2020-08-28,iPad,Linux
ritashea,PzbcOWD,2021-11-06,Desktop,Linux
allisonrichardson,vPplGAYW,2020-01-17,iPhone,Android
evelynarellano,oLnh,2021-09-15,Desktop,iOS
brittanybennett,leQOPzbY,2024-02-07,Web,Android
hannah11,nYJOtdka,2021-09-22,iPad,Windows
david20,mJqMibHdL,2023-07-03,Web,macOS
linda49,OYD,2023-12-01,iPad,Linux
icardenas,qlmVibkeFK,2021-03-19,iPad,iOS
lunabriana,tAwuMdjMO,2022-07-31,Web,Linux
hartjoseph,cpZGMljX,2022-04-28,Android,Android
valvarado,fUcX,2021-11-11,Desktop,Windows
nsanchez,wjpNm,2021-11-30,Web,iOS
ddavidson,QHYGw,2024-03-03,Web,iOS
contrerasjoseph,DNrIR,2023-08-06,iPhone,macOS
elijah66,MAAd,2024-01-15,iPhone,Android
brent95,EFxoojLQ,2020-05-27,Android,Linux
dylanpalmer,XNMTY,2022-12-29,iPhone,Linux
lindseyyoung,CuyEqZtQp,2021-12-10,iPhone,Android
kristin21,vHmuD,2024-02-12,Android,iOS
wendy03,xDVCyK,2021-08-10,iPhone,Linux
paynecody,TOAj,2023-08-27,Web,iOS
kfigueroa,qOQMpc,2020-04-29,Android,Android
luisrowe,WYwQd,2020-12-28,iPad,Linux
fisherkevin,yjsyEtVY,2023-12-14,iPad,Linux
cruzlauren,GExIVFJqg,2023-09-06,Android,Android
bonnielynch,ZOOTX,2021-07-25,Android,Linux
lisa93,dtzMeIX,2020-07-19,Desktop,macOS
mary81,IkMmrl,2023-08-22,Desktop,iOS
cross,gCI,2024-02-17,iPad,Linux
wagnerjackson,tHCUjGes,2021-05-21,iPhone,iOS
david32,lPV,2023-09-27,iPhone,iOS
amyfuentes,PztVzbV,2020-08-11,iPhone,Linux
william71,CY,2020-05-20,Web,macOS
ldiaz,rREu,2022-07-13,Desktop,Linux
timothycarrillo,mOkeGGo,2020-04-28,iPhone,Windows
qrodriguez,SztbCDr,2023-05-10,Android,Windows
hmccann,iKYTOI,2020-01-17,iPhone,iOS
haysalexander,uxxrZBfjfV,2022-09-28,iPad,Windows
dhernandez,LLygSf,2021-08-09,Android,macOS
mcintyrelori,WkLWBw,2023-04-03,iPad,macOS
joseparks,aamOQhkjS,2021-02-15,iPad,Android
paul89,RcHj,2022-05-11,iPad,iOS
kbauer,MnnSNbDiMg,2020-12-29,Desktop,Windows
laraashley,xd,2021-04-26,Desktop,macOS
jill63,HhEYPqFtpP,2022-04-28,Android,Windows
brandongaines,IgNpAmw,2023-02-10,Android,iOS
ashaw,EFUtgtQXxO,2023-03-02,Web,Windows
susan77,wEGNfyWnS,2021-08-10,Android,Android
maryhenry,vlUVCbUFmU,2022-01-21,Desktop,Windows
usimmons,Agkwhm,2020-07-16,iPad,Linux
raylisa,HOFD,2020-07-29,Web,Linux
derekschmidt,vZiIqGaECR,2021-08-22,Web,macOS
cdiaz,qO,2022-11-29,iPhone,Windows
mcgeesamuel,Pru,2020-04-23,Desktop,Linux
hbaker,CGfvxZLdo,2023-10-08,iPad,Windows
brownsarah,Ngzuo,2023-11-10,iPhone,Windows
meghan72,QH,2021-09-04,Android,macOS
johnreeves,Ixe,2022-06-18,iPad,Linux
jim19,PflxPjtE,2021-12-26,Android,Linux
kevin26,yAUMsGMlY,2020-12-24,iPhone,Android
huntjennifer,ALwhmsoShm,2020-03-12,Android,Windows
delgadojohn,vPplGAYW,2020-01-30,Desktop,iOS
jcarr,jnwYzE,2021-11-20,Desktop,iOS
stephanie74,CadteTeVb,2023-09-11,Web,Android
robert58,qqCGxCgg,2021-03-31,Web,macOS
bobby94,cNpHE,2022-02-15,Android,Windows
rknapp,yQdeuFNL,2020-05-28,iPad,Android
jasonsanchez,fBQ,2020-10-12,Web,iOS
rogersjordan,JOQmGb,2022-04-18,iPad,Android
brandonjames,LQyLzv,2023-06-03,Web,Linux
halldennis,unGrZF,2021-12-04,iPad,Linux
millerjoseph,pXNeeg,2021-03-09,iPhone,Windows
angel29,UGHQFvvmGZ,2023-12-05,Web,Android
alexanderthompson,cqjRkcWUR,2023-11-28,iPad,Linux
jennifer03,cTqmfV,2020-11-29,Desktop,iOS
ybrown,zgm,2022-07-03,iPhone,macOS
jeffreyvillanueva,cVk,2020-11-15,Android,Linux
richardperry,kWNMAtEHc,2022-12-31,iPad,Windows
ronaldestes,SBoiSIKIq,2020-11-15,iPhone,Android
ricardo09,Hi,2022-02-26,iPhone,Android
james45,fUzfRaK,2023-10-01,iPhone,Windows
meyersreginald,KxiBDw,2022-05-16,iPad,Linux
acollier,ruowxA,2022-01-10,iPad,iOS
garciajohn,SCCGwoy,2020-05-06,iPad,Android
ronald35,cKdu,2021-09-04,Android,iOS
georgejones,GdVRsi,2020-08-12,Desktop,Linux
leejon,xVLvXKYWL,2024-03-23,iPad,Android
autumn95,jJk,2020-04-24,Desktop,Android
wernereugene,AFU,2020-03-11,Android,Windows
stevencarey,Pid,2020-10-07,Desktop,Linux
cruzmaureen,HCvdgD,2022-07-08,Android,Linux
cookshane,lMc,2023-12-25,Web,macOS
kelleyjulia,ZUoK,2024-03-09,Android,Linux
hsimon,VUEFTsNCb,2021-01-31,Desktop,Linux
perkinskelly,qfRHpazw,2021-01-11,Web,Android
garnold,WP,2023-11-09,iPhone,iOS
leecheryl,Fp,2024-04-13,iPhone,macOS
silvatyler,NvXlBZ,2023-11-24,iPad,Android
petersondonna,tW,2023-06-19,Android,macOS
zmurphy,DLLiJDz,2021-12-18,iPad,Linux
mooreedwin,EHwlnCBvvO,2023-07-01,Web,Linux
igarcia,zSntUbzJ,2022-03-29,Android,iOS
jramirez,kjk,2020-08-12,Web,iOS
wolfeedward,qlsJtgm,2024-01-06,iPad,Android
jacobjordan,izkYRSQ,2020-08-16,iPad,Android
samanthathomas,lntEJvS,2022-03-15,iPad,Windows
petersensarah,Adb,2024-01-27,Web,iOS
alexanderroberts,gj,2022-12-09,iPhone,Linux
matthew67,oyeyIrncRv,2020-04-13,Web,iOS
wheelerstephanie,jQXpPDX,2023-02-28,Android,Android
nathanleach,OkAP,2020-03-14,Desktop,Android
dylancharles,DyZIy,2023-05-08,Web,iOS
smithjasmine,TPsAQdkNkn,2020-12-26,iPad,Android
lewishannah,bwsX,2023-02-24,iPhone,Linux
conniecarter,wtlmXmPa,2023-06-10,iPad,macOS
marygardner,fiA,2023-10-20,Web,Windows
rebecca70,OdBYbfxw,2020-12-04,iPad,Android
jareddiaz,LQHMwAwv,2022-12-24,Web,macOS
fsummers,mDxxhta,2021-06-08,iPhone,Windows
rclark,ZLnebDG,2020-06-12,Android,Windows
madison02,zQCOH,2023-04-13,Desktop,Windows
warrengary,hxn,2020-04-14,Web,Android
egibson,OMBsU,2020-09-27,Web,Windows
loganharris,pUAIpVM,2021-11-08,iPad,Windows
dixonapril,teY,2024-03-11,Web,Android
noahmathews,pfTeLlZ,2020-09-03,Android,iOS
nicholas50,svAZHIn,2020-04-11,iPhone,Android
laurasmith,ALnxuEY,2023-08-22,iPhone,Linux
denise25,amKkvIqJ,2022-06-12,Android,macOS
jmiller,lUoNl,2022-07-09,iPad,macOS
umoore,sZEC,2021-04-23,Web,iOS
zgarcia,HjN,2022-07-06,Desktop,macOS
brianflores,hJkDqusr,2020-08-25,iPad,Linux
suzannepeterson,wEsxlAV,2020-06-22,iPad,macOS
alexvelasquez,sYifrpui,2022-02-15,Android,iOS
jocelyn86,bhnRMEZ,2021-12-06,iPad,macOS
robinsontroy,kXZBDAmkfg,2022-06-24,iPad,Windows
krivera,rSS,2023-07-25,iPhone,macOS
russelljohnson,ZSbrW,2023-05-14,Android,Windows
emily81,DBZJwd,2023-07-18,Android,Windows
tiffany93,asAhflch,2021-03-01,Desktop,Windows
sherriscott,GPYF,2023-12-09,iPad,macOS
garzaemily,Kv,2020-08-06,iPhone,Linux
qjones,RY,2021-04-27,iPad,iOS
jessica83,mEZmofJUIa,2021-05-24,iPhone,Android
davidhowell,pSKWe,2022-09-07,Desktop,Linux
adamsnicole,XexeznLHl,2024-02-03,Web,macOS
howardjames,CYv,2020-10-14,iPad,iOS
johnnyperez,bmycrVNESj,2020-07-11,iPad,Linux
lawsonraymond,uqt,2021-06-06,iPad,Windows
louisadams,cESRLy,2020-09-24,Desktop,Android
xharris,AEzKQClM,2022-12-14,Desktop,macOS
idunn,kKKkmzdEVD,2023-04-21,Android,Windows
rossalexis,AodKWGBka,2020-09-18,Android,Linux
katherinecruz,IfmBKdDqdw,2021-06-27,Web,macOS
figueroatammy,FdVmIskuf,2021-10-12,Android,Linux
tonyflores,UAeglO,2023-08-26,Desktop,Android
whuff,nsvQKRxzXI,2020-02-20,Web,Windows
christopherpearson,inD,2020-11-18,Web,Linux
daniellandry,qwYLnoiCjf,2021-07-30,Android,Linux
rogersjennifer,OewhwL,2020-02-23,Web,macOS
michaelellis,KlpWL,2024-03-23,iPad,Android
middletonmichael,LnXMiwEYdv,2021-10-10,iPad,iOS
geraldmorrow,ZmLUydRJhL,2020-02-11,iPhone,Windows
jenniferallen,BQFQ,2021-11-03,Desktop,Windows
phelpsnicole,HqFkXRUPP,2024-01-15,Android,Android
wevans,WoPDm,2022-07-23,iPad,macOS
tim63,eCQUnQk,2021-10-09,iPhone,iOS
baileylori,rrJjUA,2020-04-04,Android,macOS
ztran,eZgd,2022-05-18,iPhone,macOS
william83,MDJLO,2021-02-09,Android,Linux
anna42,lQEY,2020-01-29,Desktop,iOS
selena81,VsKLBFxhhY,2022-06-15,Android,iOS
aanderson,Eacts,2024-01-17,Web,Windows
jessica95,JVEFsnzZLy,2020-06-26,Web,Android
pdaniel,vknlkyeHc,2023-07-02,Android,macOS
juliebooker,SxatMkVR,2022-02-20,Desktop,Windows
brookemartinez,ueO,2021-12-09,iPad,iOS
amartinez,pDV,2020-08-03,Web,iOS
brianacevedo,ZKiljCXKyr,2023-02-01,Web,iOS
lisa03,pA,2022-07-28,iPhone,macOS
akelley,kRa,2023-11-02,iPad,Android
johnsonchristopher,XGpnPdEVxB,2020-07-06,Web,macOS
michaelwalsh,IWrJwkOp,2021-03-29,Desktop,iOS
kwoods,rNKdhsz,2022-10-02,Android,macOS
william95,OSCzTz,2020-05-31,Android,Windows
adam58,FWoTkan,2021-07-01,Android,Linux
hilltheodore,nLqDm,2020-01-03,Web,Linux
jamesscott,hxn,2020-12-30,Web,macOS
thompsonrachel,zE,2023-08-03,iPad,Linux
castillokaren,GcsNyTmYD,2023-09-28,Web,iOS
jonesshelby,Rl,2021-09-20,Web,Linux
zmann,PFQCdbX,2023-04-29,iPhone,Android
logan20,vyZYf,2022-08-24,Desktop,iOS
williamscarrie,Nxz,2021-09-07,iPhone,macOS
richardsonbryan,IOdXZuAtXT,2021-01-19,Android,Linux
andersonpatricia,tUtEf,2020-06-30,iPhone,Linux
frios,XaumE,2022-11-15,iPhone,iOS
matthew39,Kct,2023-07-12,Android,Linux
gibsonmarcus,xPqSPdebPT,2020-09-10,iPad,macOS
sydney51,baEBMuZp,2023-10-30,iPhone,Android
nnichols,rlIwsrHKif,2021-09-01,Desktop,Windows
operez,cRGJZDQH,2021-11-13,iPad,macOS
jessefrench,dTgEqPHj,2022-06-09,Web,Linux
joseschaefer,pAuT,2021-12-20,iPad,macOS
vburns,lTTiJV,2022-10-11,Desktop,Linux
pdunlap,JkeRt,2024-02-19,Desktop,Windows
robert82,zTEdWb,2023-03-09,Web,Android
allisonprice,tOCzAdwOQZ,2024-02-25,Desktop,Windows
xlynch,lvFzv,2020-06-04,iPad,macOS
taraperez,YesUYN,2023-10-19,Desktop,macOS
wendylopez,UNJZVTi,2020-01-22,Web,Windows
donaldbarton,DoqKdiIR,2024-02-17,Web,Android
williamboyd,Qnux,2024-03-20,iPad,Windows
andersonrenee,YD,2023-06-23,Desktop,Windows
andrewbaker,zprOlNGb,2023-04-07,iPhone,Android
caldwellcurtis,YFzFL,2022-01-17,iPhone,iOS
james62,Fm,2021-11-04,iPad,iOS
melissatorres,ZwoneBoM,2021-04-19,Android,macOS
patelmelissa,rUM,2022-08-16,iPhone,macOS
stoneemily,HTBey,2024-04-04,iPhone,macOS
ccombs,KIWCVAiim,2021-03-02,iPad,Linux
iwalls,czqlLxBovm,2023-09-26,Android,Linux
chad53,cga,2020-07-04,iPad,Linux
christina70,GYMAXF,2020-09-21,Android,Android
smithandrea,MAih,2020-12-07,iPhone,Windows
carlafox,ptB,2022-03-15,Web,Android
combsthomas,xktWIbdS,2023-06-19,Android,macOS
mclaughlinyolanda,mSqIv,2020-02-06,Android,iOS
xmoss,yjhNJh,2021-02-12,iPad,Windows
joseph65,Pid,2020-05-21,Web,Windows
joseph10,FKoyHR,2021-12-09,Android,Linux
loriperry,MGvt,2022-11-21,iPad,iOS
joelee,hvWSDEy,2022-11-16,Desktop,Windows
rodriguezmichelle,zxIFgtFHgk,2020-11-19,iPhone,Android
dustinwalker,MyrXw,2020-07-14,iPad,Windows
pattersonvanessa,CDb,2020-06-12,Web,macOS
louis57,JdLkelBA,2024-03-11,Android,iOS
richardmcneil,AJpvPhr,2020-12-30,Web,Windows
harristimothy,iiOcFM,2021-01-31,Android,Windows
lindseymichael,rdPC,2020-07-04,Web,Android
hunterjane,edwnzJuf,2020-06-24,Desktop,iOS
krista77,ZBdB,2023-06-25,Desktop,Linux
elizabeth36,bhq,2022-07-11,Web,iOS
bailey11,ifeefahYy,2023-04-18,Desktop,iOS
christopher65,JvDvrtQ,2023-11-30,iPad,macOS
david47,QvHxG,2020-06-23,iPhone,Linux
jessicakim,aY,2020-10-17,iPhone,Android
lboyd,kTq,2023-07-14,Android,macOS
eric17,PdY,2021-12-27,Desktop,Windows
vsteele,vKgcM,2020-08-13,Desktop,macOS
rhamilton,DHkiiRhN,2021-10-20,Web,Windows
christopher01,nd,2021-07-31,iPad,Linux
ebrooks,OehbOBWC,2020-02-29,Desktop,iOS
williamrobbins,MdGdOt,2022-07-23,Desktop,macOS
michael00,oeFdf,2020-09-22,iPhone,Android
horneaustin,XcuPh,2022-01-21,Desktop,Android
jacobkirby,qfGnUCl,2021-07-05,Android,Linux
stephanieedwards,cBtHrzFoA,2021-05-01,iPhone,Android
janiceallen,UsWc,2023-08-15,Web,macOS
umosley,suFVvrDpHi,2020-09-15,Web,Linux
kathrynhunter,MXueCu,2020-06-01,Desktop,Linux
steven26,BYUFoXB,2020-05-21,Android,Android
harrisdiane,Lz,2020-04-24,Web,Android
brandonjames,hJaLEez,2023-07-12,iPhone,Android
xmitchell,WuylVrr,2024-02-13,iPad,Android
fsullivan,hIK,2020-03-28,Android,iOS
hnguyen,WDLX,2022-02-01,iPhone,Android
williamsclaire,KROEnoIyrs,2023-07-15,Web,Android
cindybeltran,GPaCnR,2021-04-20,Web,Linux
bryan55,qlUWEwer,2023-06-25,Android,Windows
imoore,NiEV,2022-11-26,iPhone,macOS
mortoncrystal,SZxDvl,2021-01-24,Desktop,Windows
nmitchell,CAxvMJ,2023-12-21,Desktop,Windows
jnorton,TdmmOWy,2021-06-12,Web,iOS
icook,GR,2021-08-06,iPad,Windows
freemantracey,DOwDliwoTE,2022-10-31,Desktop,iOS
beardrachel,XwZwrBb,2022-11-16,iPhone,iOS
llittle,rnEHrs,2023-03-23,Web,iOS
kdickerson,IrxD,2023-01-23,Web,Android
imurphy,HCvdgD,2021-03-16,iPad,iOS
bennettjames,cZTp,2020-03-16,iPhone,Windows
qthomas,EFnbuvM,2024-01-21,iPad,Windows
westjoseph,cCGkgdNcg,2021-05-26,Android,Linux
fritzmark,lmXxnYeoDg,2022-12-18,Android,Android
kylie59,zfNXrKd,2023-09-25,Android,macOS
julianthomas,nzeaE,2020-08-09,Android,macOS
lmoran,bQXxrQhQbw,2024-02-16,Android,macOS
robert03,KiJbPoZ,2021-07-12,Desktop,Linux
woodsara,PsnskPFACI,2023-03-24,iPhone,Windows
matthew31,rihGvrWKg,2022-01-28,iPad,Linux
reevessabrina,jNs,2021-08-29,Desktop,Windows
ryan06,MEtUJmn,2023-09-13,Android,iOS
anthonyfigueroa,SesEwsJC,2023-10-10,iPhone,Linux
jessicamarshall,DaXYscahVx,2020-12-03,Desktop,Android
morganchristina,UMMFII,2020-08-27,Web,Windows
dperry,WfIyzE,2022-12-04,iPhone,Android
jmcgee,zNEFshCfS,2024-03-25,iPad,macOS
tom59,PTa,2021-01-21,Web,iOS
qbooth,JOJ,2021-10-02,Android,Windows
baileymatthew,BE,2021-05-17,iPhone,Windows
barnesallison,SpPDA,2021-12-10,Android,macOS
dylancharles,ysKaV,2023-03-14,iPad,macOS
melissa18,yjDVC,2021-08-08,Desktop,Windows
taylor60,zaEMOzFvO,2021-06-18,iPad,iOS
rowecody,BvJhZK,2023-03-25,Web,macOS
michelle26,FPzhj,2022-09-21,iPhone,macOS
chad30,Nieg,2020-07-05,Desktop,Windows
briannacarey,fXrIVkYE,2021-08-12,Desktop,macOS
leah92,nwF,2021-12-10,iPad,Android
dbruce,UQIbBlOY,2020-11-17,Android,iOS
terry66,ONI,2022-10-31,Desktop,Linux
jack13,YmHdZEtMyX,2020-08-02,Desktop,iOS
brenda82,rCOoJgsYhz,2023-12-17,Web,iOS
kevin75,kPvxAm,2020-06-11,Web,iOS
nguyenalexis,mcyiz,2020-07-15,Web,macOS
yporter,hvnS,2024-04-05,Android,iOS
xmitchell,EtAWx,2022-03-30,Desktop,Linux
alicia41,kMHHAIn,2022-03-25,Web,macOS
johnathan33,ShxuJXja,2024-01-08,Android,Windows
johnsonkatrina,BIa,2022-02-23,Desktop,Windows
michael87,pmQHmi,2022-03-02,Web,iOS
thomas27,TDc,2023-09-21,Android,Linux
patricia60,XPJN,2023-05-13,iPad,Windows
ncox,tzIa,2022-05-05,iPad,Android
brownlaura,SV,2022-09-20,Desktop,Windows
flemingnatalie,tQZzru,2023-12-10,iPad,Linux
kylebowen,agzDtfdxWn,2022-06-29,iPad,Windows
heatherjohnson,WNMOsHhvK,2021-06-26,iPad,Windows
daniel55,mKWI,2021-01-20,Web,iOS
scottcharles,boTkr,2022-03-24,iPad,macOS
davisdouglas,fLreVS,2021-03-29,iPad,macOS
tinamason,uIhZirmgN,2024-01-01,Desktop,Windows
emma84,fYxuL,2021-12-17,iPad,macOS
carlacurtis,bupxmxgZkQ,2020-01-10,iPad,Android
kevinlee,RZPmSnq,2021-03-25,Android,Android
brownapril,lypf,2021-11-09,Android,Android
gibsonmarcus,QgE,2023-04-28,Web,Windows
sanchezandrew,NmG,2020-12-02,Web,Windows
yvonne76,rfHbO,2020-09-30,Desktop,iOS
anthony84,LFjNzsjuPc,2020-04-06,iPad,macOS
terry91,mOmC,2022-04-16,iPad,Linux
djacobs,fiJOuZ,2024-02-05,Web,macOS
mark76,bSmRzip,2022-05-16,iPhone,macOS
joshua25,bdQtYdUQS,2023-10-08,Desktop,iOS
casedonald,drGSzVVjSs,2022-10-31,Desktop,Linux
randywalton,QCIJ,2023-08-03,Android,macOS
martinvilla,WSWuDbQx,2023-11-13,Web,macOS
mitchellobrien,gFvRlFsLe,2020-03-08,iPad,Linux
riverajames,jh,2020-12-21,Android,iOS
hornbrett,pGSHEs,2023-12-13,iPad,macOS
wroberts,QuZ,2024-03-09,Desktop,Linux
coxsharon,mmfZetm,2022-05-22,Android,Android
hailey54,IkH,2023-07-11,Desktop,Android
barkerjose,aPHVEJO,2020-07-21,Web,iOS
udavidson,Vfjoq,2020-03-16,Desktop,Windows
larsenjodi,NsaaMh,2022-10-18,iPhone,Android
lmoran,CGfvxZLdo,2021-05-19,Android,Android
patrickdixon,My,2023-09-01,Android,iOS
shannon12,UhOa,2020-01-05,iPad,Windows
simpsonmelody,hYXh,2022-02-10,iPhone,Windows
walkerdenise,DJj,2020-10-01,Web,iOS
robert82,riSZPj,2021-06-24,Desktop,Windows
markcrawford,nakGNaAO,2024-01-02,Web,Linux
nicolewilliams,DbKp,2023-08-22,iPhone,Android
jesse60,bgTt,2023-05-04,iPad,Windows
rhill,GEfoz,2021-11-14,iPad,Linux
kaylamartin,CBToXXime,2021-08-09,Android,Linux
uharris,tQOMtG,2023-01-24,Web,macOS
angela53,jndBINZpw,2024-01-22,Desktop,Windows
mweaver,EZOG,2022-10-29,iPhone,iOS
brittanyscott,rsi,2023-12-12,Desktop,Android
andrew32,WzCI,2020-10-17,Web,Windows
fsullivan,JAIvpW,2023-10-14,Desktop,Android
austin42,DrNqFrqSc,2020-08-23,Android,Windows
uhowell,WOE,2020-08-20,iPhone,iOS
uhayes,ejWXU,2021-02-21,Web,macOS
fpatel,WFCe,2020-08-04,Desktop,iOS
meyersreginald,ylWT,2023-02-14,Android,Linux
xchaney,vxXqs,2022-03-18,iPad,Android
smithseth,mxwvWeY,2021-07-13,Android,Android
joneschristine,VEOXtdZGh,2021-04-07,Web,Windows
vcoleman,mhhHzYC,2020-01-14,Desktop,macOS
amber45,TPDtdtXbve,2020-05-31,Android,Android
cindy86,FNoagpl,2022-05-21,Android,Windows
steven31,YK,2023-09-05,iPhone,Windows
walternorris,uRYmjM,2021-12-01,iPhone,iOS
johnnyowens,ObDHhK,2023-01-24,iPhone,Windows
ctravis,jobtje,2023-05-06,Android,Windows
jenkinspaul,WSWuDbQx,2020-02-14,Desktop,Android
troywalker,zGsbzxltvn,2022-03-05,Web,Linux
david20,uoqRuDJw,2024-01-15,Android,Linux
houstonlisa,UHSnsiz,2020-03-07,Android,Windows
rgarcia,jye,2020-06-21,iPhone,macOS
charleskidd,tmoEU,2023-09-30,iPhone,Windows
traciperry,YdOJzVRa,2023-09-16,Web,Android
twright,DUNQ,2023-10-02,iPad,Android
johnsonbrooke,eclBT,2021-01-08,iPhone,Android
marygardner,GvIXFrrvHy,2022-12-27,iPad,Windows
owenkristina,DSapWdF,2022-02-04,Desktop,iOS
murphyerica,kgjRXKOHw,2023-12-19,Desktop,Linux
danielhuber,azbH,2023-10-29,iPad,Android
nathanielsmith,pFhi,2023-12-25,Android,iOS
kswanson,IPLzZ,2020-04-26,Web,Windows
tammysheppard,IydlnC,2021-03-18,Android,Android
wscott,CglSGB,2023-12-12,Android,iOS
davidharris,PMjSNZJXb,2020-07-22,iPhone,Linux
xsimmons,RpD,2022-01-26,Web,Linux
williamgraham,LEYNJypxtO,2023-06-15,Web,macOS
antonio56,SRqzMj,2023-06-08,Web,Android
mcguirelaura,aY,2020-06-23,iPhone,Linux
sanchezjeffrey,KJCz,2024-02-05,Android,Windows
joseparks,elqqiwDWa,2023-05-18,Web,Windows
joseph65,bsrcGhB,2022-08-03,iPhone,Linux
victorwood,HuKjhNt,2021-06-13,iPhone,macOS
andrewpatterson,AzrCZXNXYm,2024-03-02,Web,Linux
nguyenchristina,AkmSotV,2022-01-26,iPad,Android
wadetheresa,cAqVou,2021-09-22,iPad,Linux
jonathan46,UKfjHNKt,2024-03-04,Desktop,Windows
miranda70,eZgd,2024-03-03,Android,iOS
tatespencer,cmhsDuOu,2021-06-06,Web,Android
dpeterson,Be,2021-11-12,Android,Linux
adrian60,tbWBvph,2024-02-22,Desktop,Windows
benjaminwatkins,QMvk,2023-05-18,Desktop,Windows
gomezjacob,alYh,2020-06-23,Android,Windows
jennifer05,AzSETvu,2021-12-21,iPad,Linux
michael63,czav,2022-01-29,Android,Windows
carolyn57,Ma,2023-11-02,iPad,Windows
sfisher,IkxbadU,2021-04-02,Web,Windows
ryan37,SAv,2021-08-10,Desktop,Android
christopherschultz,JfDiN,2020-05-17,Android,Windows
keithflores,ku,2022-06-17,Android,Windows
ypadilla,JGchEJWGkU,2022-05-31,Web,macOS
janet66,NQjWwj,2024-01-19,iPhone,Android
howellbrenda,HDlutFv,2020-05-05,iPad,Windows
vstein,VjOkKnr,2024-01-08,Desktop,Windows
kevin26,oSEKLz,2023-02-04,Desktop,iOS
bellmichelle,EcUCDZV,2023-10-04,Android,Linux
zachary20,Tkgj,2021-02-14,Web,Windows
jamesscott,WdzEdH,2020-10-23,iPhone,Android
stuartpatterson,VwFRAv,2020-10-10,iPad,iOS
zgarcia,Gwjkg,2021-07-05,Android,Linux
greggbradley,picCyWOvNk,2023-08-14,Android,macOS
rebeccaparker,lwkcgpUdP,2022-04-25,iPhone,Linux
gbishop,hikqKm,2023-11-10,iPad,Android
scotthernandez,LcVP,2020-05-11,Android,Android
michealwright,YJgDmfIXXI,2020-07-02,iPad,Linux
ryan37,wfzye,2021-10-16,Web,iOS
brian83,dzRRIoFn,2022-08-08,iPad,Windows
ocox,rUM,2021-09-19,Desktop,Linux
gilbertjulia,ptuyVYtGy,2020-02-28,Desktop,Linux
thomasdavid,edwnzJuf,2022-07-03,iPad,iOS
samanthathomas,kDZBIel,2020-05-11,Web,Windows
trancatherine,ITAdTbL,2023-02-21,iPad,Android
icollins,eJjRhCebkV,2024-01-06,iPhone,Windows
padillaadrienne,nFAg,2020-09-03,Web,Windows
jeffrey27,dpyBsq,2022-09-01,iPad,macOS
karenstafford,PICPGMKyaU,2020-03-23,iPad,iOS
jamiecooper,YhvovEuyE,2024-01-31,iPhone,Windows
erikstevens,AdrQAgr,2023-12-24,iPhone,Android
laraalexandra,tzVF,2024-04-13,Web,macOS
sheaannette,YesUYN,2022-07-25,Desktop,Linux
goodmanbelinda,GNvCBRs,2020-11-19,iPad,Windows
tinajackson,FxKuM,2023-09-13,iPad,iOS
cruzjames,ZOssR,2022-11-17,iPad,Android
gonzalezdwayne,Ma,2021-02-14,Web,Android
lawsonraymond,RIwFUgm,2020-06-13,Android,Android
johnathan62,dtoKNDF,2021-02-06,Android,Windows
zbooker,IOdXZuAtXT,2020-11-11,Desktop,macOS
robinsonheather,MEtUJmn,2021-04-05,Web,iOS
ucline,UQIbBlOY,2020-01-10,Desktop,Android
zmcmahon,yDDo,2022-05-27,iPad,macOS
qmoran,fNHPiS,2022-10-27,Desktop,Windows
ajohnson,MHdM,2020-06-19,iPad,Linux
ubutler,qyiNEOrzJy,2024-04-11,Web,macOS
njohnson,lN,2020-03-04,Web,Windows
clarkestacy,dK,2022-01-26,iPhone,Linux
christopherrodriguez,lIDt,2023-09-08,Web,Linux
cthompson,lGl,2023-07-15,Android,macOS
imorse,vtApYeF,2021-09-17,Desktop,Windows
debbieruiz,ZmI,2023-01-11,Desktop,iOS
heatherfisher,wumIl,2021-03-30,iPhone,macOS
bpeters,HdmaNXohMX,2021-09-16,Desktop,macOS
janet66,HfgN,2021-01-20,Web,macOS
epetersen,Gwjkg,2024-03-21,Web,Windows
tbell,BSMWkJAokK,2024-01-13,Android,iOS
scottsusan,yHgQu,2020-02-27,Web,Android
lblack,rrWmKuWY,2021-08-08,iPad,iOS
brownapril,aZRbtYNz,2023-02-07,iPad,macOS
ycarpenter,nHijEOnw,2022-01-03,Web,Android
walterlarry,uDXZ,2020-06-23,iPhone,Linux
dphillips,LOkG,2023-03-22,Android,iOS
alexis82,eY,2023-11-20,iPad,macOS
mark14,LsMU,2023-02-13,iPad,Linux
elizabeth64,HJoq,2024-01-14,Desktop,iOS
klee,IlRJGduue,2021-10-10,iPad,Android
jose18,OVZxTZ,2021-02-02,iPad,Windows
sarahanderson,BjqhSxEP,2021-06-19,iPad,Android
debrablack,kjvwAFVacl,2020-03-07,Web,iOS
rlee,heLJhxzb,2022-02-03,iPhone,Windows
alexandrakoch,ipeOcH,2022-01-21,iPad,Linux
jbutler,DDZtxBx,2023-01-18,Web,Linux
tcase,Xvv,2023-04-14,iPad,Linux
torresashley,qlUWEwer,2020-11-12,iPad,Android
guerrastephen,OMINBuSw,2020-01-16,iPad,iOS
michaelklein,cTqmfV,2021-02-22,iPhone,iOS
amartinez,VXmLPP,2022-12-20,iPhone,iOS
davidmclaughlin,IzsABOQJDY,2021-01-26,Android,Android
rwhite,rQ,2023-07-12,Desktop,Android
owilson,WDLX,2021-11-09,iPad,iOS
cohenholly,BZbeigehNS,2020-10-13,Android,iOS
harrismark,fUIoonLE,2024-01-08,Web,iOS
willisvirginia,DBfsMkTJw,2022-09-14,Web,Windows
judithbutler,AUQXQOc,2020-10-10,Desktop,iOS
georgejared,AiVrsz,2023-05-03,Desktop,Android
john08,byQkTTlMst,2023-05-24,Desktop,iOS
hrobbins,JNkNMt,2020-08-24,Web,Linux
hmoreno,aXDmXTMJ,2022-03-04,Desktop,iOS
donaldware,VsKLBFxhhY,2020-11-12,Web,iOS
weavermelissa,XpEnHueoL,2023-08-12,iPad,iOS
zjones,eE,2022-07-20,iPhone,iOS
mcknightsarah,cbkaMGUfY,2021-05-30,Web,Windows
anna26,nZfnB,2023-07-05,iPad,Android
whuynh,XYAHYzUTW,2021-11-21,Desktop,macOS
hickscrystal,yMCzszVf,2021-05-23,Android,iOS
brooke51,gjFzMexft,2022-02-11,iPad,Windows
davidjohnson,jRYLnRnx,2021-07-06,Android,macOS
lmoran,fCKjNF,2020-12-17,Web,Linux
mclark,nArezVcLxH,2022-07-28,iPad,Android
darin15,cpHC,2023-02-25,Android,Linux
shepardwilliam,ViSLbbYRU,2020-11-07,iPad,macOS
mark29,EjbUJu,2020-06-30,iPhone,macOS
angela71,nxLFzf,2020-10-29,iPhone,Linux
romerorobert,CPB,2022-10-27,iPad,iOS
sanchezkevin,auyMyX,2024-02-24,iPad,iOS
kelly47,auyMyX,2022-03-05,iPhone,macOS
connor21,hFQBIyFDy,2022-11-14,iPhone,Windows
cpeterson,HxTzKAl,2020-02-28,iPad,macOS
candice41,Ompw,2021-06-22,iPhone,Windows
wallacejason,MsY,2023-09-07,Web,Windows
coreymontgomery,cqjRkcWUR,2022-01-04,iPad,macOS
gvaldez,qSNmkoIk,2023-08-19,Android,Android
oliverlinda,AaRKuIzsdk,2023-03-17,iPad,Android
combsphyllis,iYBU,2023-01-05,iPhone,macOS
williamsthomas,XKyvucaxRm,2021-09-29,Desktop,Linux
samantha44,cDd,2020-02-27,Android,Linux
dbrock,qw,2022-11-05,iPhone,iOS
kristinabailey,rvPJP,2021-07-25,Android,macOS
swatson,KfHaWy,2023-10-12,Android,Linux
parker54,uUknpA,2020-06-25,iPad,macOS
donnajones,gYHGy,2021-01-15,iPhone,iOS
ncosta,lAywFwWuGm,2020-11-16,iPad,macOS
cory82,HbsiQxN,2023-10-24,Desktop,macOS
mariemiller,tqoZzpR,2023-12-29,Desktop,Windows
xperez,ZprYlSyBb,2023-10-02,Web,Linux
aryan,XPJN,2023-04-21,Android,Linux
michaeloconnor,BIa,2020-06-14,iPhone,iOS
caroline08,sJDCvVbn,2023-08-21,Desktop,Windows
jason08,kjdLO,2021-01-20,Desktop,Linux
carriejohnson,Dp,2022-10-20,Web,Windows
schneiderscott,HTBey,2021-12-31,iPhone,Windows
smithalexandra,hVHGa,2021-11-19,iPhone,Windows
alyssa78,iMaeWvv,2023-01-12,iPhone,macOS
melanie39,FgfKDsWc,2022-09-10,Web,Linux
uwilliams,WNMOsHhvK,2022-04-16,Desktop,Linux
iross,alYh,2021-05-02,Android,Windows
donnasimpson,fNXrv,2021-11-13,Android,Android
john65,NNfHtXNb,2020-09-24,iPad,Linux
whitneytucker,picCyWOvNk,2021-01-17,Android,Linux
vscott,MoR,2020-10-15,Android,Android
gross,JU,2023-09-13,Desktop,Android
anthonygreen,HOOwojK,2020-09-20,Android,Windows
gerald22,nzPSUvhOgk,2022-12-29,Desktop,Windows
vevans,JZI,2022-03-09,iPad,macOS
clarkjason,FPyA,2023-09-09,Desktop,Windows
michael17,CUJBmWypo,2022-12-22,Desktop,Android
wheelerkayla,WsOJCnQpBk,2023-02-03,iPhone,Windows
marilynrobinson,fHGBUqSgO,2023-03-02,iPhone,Android
mcook,Pba,2021-05-08,Desktop,macOS
jamiegonzalez,Wigqpwy,2022-06-08,iPhone,macOS
ustanley,SlYjAAN,2022-05-13,Desktop,iOS
lfaulkner,fGGdDB,2022-08-23,Web,Windows
joshuagomez,yNEFJeSKOP,2022-03-18,Desktop,Linux
mary02,UUWQfCGm,2023-04-05,Web,macOS
ebishop,gVGAuxjX,2021-03-26,Android,macOS
lisa29,LWpUdD,2021-03-27,Web,Linux
hmarks,BQQZFKaYWV,2021-05-05,Android,Linux
ereyes,yYqsw,2021-03-11,Desktop,Android
melissasmall,EZBvthLZ,2020-11-24,iPhone,iOS
michealmay,JblPwo,2023-05-10,Web,Android
allenjohn,wIzfDLSd,2020-05-19,iPad,iOS
smithluis,eknVy,2020-07-12,Android,Android
savagedebbie,VWA,2023-06-01,Web,Linux
rachel51,QjjFb,2020-09-22,Android,iOS
clinerobin,zgm,2020-08-11,Desktop,Windows
lisahenry,Ar,2022-05-29,Desktop,Linux
pchavez,DSvyltLzri,2021-06-24,iPad,macOS
melissa99,FWoTkan,2020-05-28,iPad,Linux
ppearson,JpOrNHAal,2021-05-20,Android,Android
jessemurphy,WsOJCnQpBk,2020-02-06,Web,Android
toddscott,YzwwOr,2023-11-21,Desktop,macOS
gstevens,Bnwny,2022-07-26,Desktop,iOS
roger00,TJwbHTKyf,2023-07-09,iPad,Android
crystal48,eGz,2020-02-21,Web,Windows
charlesjohnson,ofwF,2020-01-22,Android,iOS
patrickscott,rVDbOq,2020-06-09,iPad,macOS
cookrachel,WbTj,2024-03-18,Web,Android
dixonjason,BHmD,2021-11-19,iPad,Windows
ubutler,tN,2020-09-04,Desktop,Android
wjackson,wdwg,2020-06-04,Web,Android
hboyd,SBoiSIKIq,2022-10-29,Android,Windows
qkim,ZJfV,2021-01-07,Android,Linux
pennymartinez,kRM,2021-12-18,Web,iOS
sabrinagomez,RyrdnliGEA,2024-04-08,Web,Linux
dawnjuarez,pFWILxLu,2024-04-05,Android,iOS
sergio05,YHivTw,2020-05-20,Web,Android
tina49,GTdrnBAcq,2020-10-30,Desktop,Windows
archerjeremy,VjKKJf,2021-01-20,iPhone,Android
ariel32,ELwXgtL,2023-09-29,Web,iOS
benjamin84,CNUtpHAzWU,2024-01-12,iPad,iOS
emilysnyder,DjIEXl,2023-11-27,Desktop,macOS
teresa00,URPDxPrMSu,2021-07-01,iPhone,Windows
russelljohnson,AkmSotV,2021-12-28,Desktop,Windows
ftorres,Ps,2024-02-08,Desktop,Android
kimberlyscott,QnXsfSLfj,2022-10-27,iPhone,Linux
molinadavid,Xd,2022-03-04,iPad,iOS
patricia52,mN,2021-10-03,Desktop,iOS
ucline,nVc,2020-11-26,Web,Windows
khill,WDvJOHZdD,2020-11-17,iPad,iOS
timothycortez,BRtZgu,2024-03-17,Android,iOS
tbright,izkYRSQ,2021-03-29,Web,macOS
kenneth49,fKCPJ,2023-10-06,Android,macOS
richardlisa,BPJtMy,2023-08-08,iPhone,Linux
popejacob,ksyUCRp,2022-01-11,iPhone,Android
sburke,WjRImtx,2020-11-12,Web,Windows
alexandra77,Vfjoq,2020-06-03,Android,Android
lisa90,GmluEu,2024-02-22,iPad,Android
rita93,muud,2022-12-18,iPhone,iOS
henry39,PtXQumh,2020-08-31,Web,Linux
juliehenson,czqlLxBovm,2021-04-14,Android,Linux
wadeallison,xJUF,2021-09-17,Web,Linux
melissa30,qUrdD,2022-06-20,iPhone,Windows
kimberlyjohnson,kmsRQuKg,2023-09-29,Web,macOS
susanholt,aWdXG,2021-12-04,Web,Windows
dawn15,fZcAbb,2023-10-18,iPhone,Android
melinda39,TQY,2022-10-07,Desktop,iOS
vscott,AYEbwctBUe,2020-03-01,Web,iOS
ibowman,aPHVEJO,2022-05-09,Web,iOS
robinsonkelly,cwzKhuEj,2020-08-18,Web,macOS
johnathanlopez,kLqCu,2022-09-20,iPhone,Linux
whull,xEyLmoW,2021-06-26,iPhone,Android
morriswilliam,JNS,2024-03-13,Web,macOS
mark34,FsMmu,2023-04-14,iPad,Android
brandonduffy,GgjHfdSVU,2022-12-25,iPhone,iOS
hilljon,Een,2023-02-24,Desktop,Windows
cassandra52,mDzoYIae,2023-07-08,Web,Android
barneschelsea,oFJlD,2024-01-28,Android,Linux
smithryan,dmqRvch,2023-12-23,Web,Windows
mirandabrown,QfhlXb,2023-01-29,Android,Linux
amyers,hzlyXzNr,2023-01-24,Web,iOS
fhale,FevE,2022-02-06,iPad,Windows
carolyn57,rkPFecpd,2023-11-27,iPhone,Android
dianesmith,XcuPh,2021-12-22,Web,Android
kimberlycarroll,yKUV,2022-04-01,Android,Android
thomasvaldez,iDvDgKOZ,2021-10-22,iPhone,iOS
jeffreyvillanueva,TdfRV,2021-08-28,iPhone,Linux
sarah25,Ixe,2021-01-06,iPad,Linux
ugreen,NyF,2022-08-26,iPhone,Android
jenniferarnold,DSYKi,2022-03-24,Android,Windows
moorechristine,IAqLDv,2020-04-13,Desktop,macOS
howardjames,vlINANJVf,2023-05-03,Android,Android
maureenherring,VBc,2022-06-10,iPad,Android
jonathan74,rShRurU,2023-02-07,Web,Android
rhill,dASGFUZ,2022-08-11,Desktop,macOS
darin15,rfBrRJQSq,2023-05-03,iPad,Android
jamespeters,KXQ,2020-07-25,Android,Linux
austin72,qSlmML,2023-08-16,iPad,Windows
powellchristopher,yxaQU,2021-01-04,iPhone,iOS
victorholt,hpr,2023-10-13,iPad,Linux
susanolson,mLssr,2022-05-28,iPad,Windows
jonathan08,gdsJPO,2022-03-03,Android,Linux
john82,dooHPOSLqZ,2021-08-07,Desktop,Linux
alyssagarcia,BIa,2023-02-17,Android,Android
pricelauren,uVxwrU,2021-09-02,iPad,iOS
utaylor,ssvC,2020-03-11,Web,Linux
cabrerajeffrey,XLqlPujv,2022-10-04,iPad,macOS
lisaperkins,aamOQhkjS,2022-01-21,Web,Windows
jennifersmall,JXsIANo,2021-10-20,iPhone,Windows
karenjones,WZrsJJm,2021-03-12,iPad,Android
gary99,YJwZ,2022-03-06,iPhone,Android
christophertaylor,ASse,2023-03-27,iPad,iOS
pamela14,uAABc,2022-08-31,iPad,Windows
buchananashley,qT,2021-08-14,Android,macOS
oscott,cZTp,2020-05-19,Android,Linux
karenschwartz,VofHJMiqHG,2020-02-04,Web,Linux
sarahcruz,ytR,2024-04-13,iPhone,Linux
hmitchell,lTeFZWJXVa,2020-02-23,iPhone,macOS
pmoreno,DEgCNe,2023-04-22,iPad,Linux
dmartinez,bwN,2022-08-17,iPhone,macOS
scottmartin,MHqvQQUT,2024-02-25,Web,iOS
scotttimothy,jDGAslXtXF,2021-09-08,Web,Android
taylor60,epmNn,2022-04-26,Desktop,Android
brittanyporter,jTUPVmsDHO,2021-09-17,iPhone,iOS
benderjeffrey,swWSfAeKN,2022-09-25,Android,Windows
zachary79,CigSgAHthv,2022-05-26,Android,Windows
paul56,fnV,2024-03-11,iPhone,iOS
alice65,wtxjUS,2022-12-04,iPhone,iOS
qgould,yzFSnProjZ,2021-07-04,iPhone,macOS
nathaniel69,EvjfI,2020-08-01,iPhone,Linux
mcgeesamuel,cTWrbf,2021-04-07,Web,Linux
rhendrix,KIhW,2023-11-08,Android,Linux
hicksgregory,xpjOt,2020-06-25,Web,Linux
adamsgene,uZEAzGe,2021-11-24,Web,Android
fhale,tmCbizIp,2023-10-21,Desktop,Android
anthonyhanna,rzdGxZIYrW,2022-11-13,iPhone,Windows
parksdustin,Kqgla,2021-06-20,Android,Android
michelle78,IVGotJwj,2022-09-10,iPad,Android
stephanie75,cozv,2022-01-18,Desktop,Android
ohudson,fbTpSFC,2020-03-11,Desktop,Linux
keithjohnson,eHGcyKN,2023-09-16,Web,Android
whuff,etQYUZ,2020-02-10,Web,Android
melinda56,TDc,2021-11-19,Desktop,Android
tanderson,HBRJhJIPD,2022-10-01,Desktop,Android
jasmine71,vEjpBx,2023-11-18,Web,Linux
ruben29,mkAIiqD,2020-05-02,Android,Linux
sarmstrong,TDwKrIWgV,2023-12-16,iPhone,Linux
ebarnett,SXdfRw,2023-05-26,iPhone,Android
pdunlap,fEuJ,2022-09-20,Web,iOS
haileylevy,NueoYdiQYJ,2020-05-28,Web,Linux
daviskevin,KLdlrYhwnU,2020-08-28,Android,iOS
ngarcia,Xbtkq,2022-12-17,Android,macOS
jacobsjeremy,rHVTNgbi,2021-10-29,iPad,Android
angela53,aghHtxTnDv,2024-03-30,iPad,macOS
ecollins,nm,2022-01-15,Desktop,macOS
turnerkayla,CuD,2023-07-09,Web,iOS
sheila71,iiwjrMhW,2021-02-19,Desktop,macOS
john00,qYvFfy,2020-11-10,iPhone,Windows
christopher30,dwypQ,2023-08-20,Android,Windows
bpatrick,VsKLBFxhhY,2020-10-16,Web,Windows
duanecampbell,KfyNnl,2020-06-17,iPhone,macOS
ahuang,lKqJB,2020-05-25,iPhone,macOS
timothycamacho,kuj,2023-08-25,Web,macOS
desireemyers,yXswWpb,2020-04-21,iPhone,Windows
jimeneztimothy,WbWRZO,2023-06-13,iPhone,macOS
sara01,FSUhTLIcVV,2023-11-06,Desktop,macOS
anthonyfigueroa,cMs,2024-02-14,Desktop,macOS
elizabeth80,NcORvrvgQ,2022-07-04,iPhone,Android
kathryn00,HexKZ,2022-06-04,Desktop,Linux
kristie57,iMVnExuf,2021-05-07,Web,Windows
larsendavid,KeAe,2023-03-26,Android,Linux
pnicholson,OIUAT,2020-05-15,iPhone,iOS
hsloan,mfyuEs,2023-01-24,iPhone,macOS
susan40,LzfXqV,2022-04-11,iPad,Android
angela53,wLJCXgED,2022-02-21,Web,Linux
bobby05,QoXFwrdbun,2020-12-18,Android,macOS
ravila,WFCe,2021-09-02,Web,macOS
davenportchristopher,UAeglO,2022-12-06,Desktop,Linux
matthew51,IjnenksZN,2021-08-18,Desktop,Linux
william71,zE,2023-01-16,Android,iOS
ivanmadden,TuBOriGq,2021-01-14,Desktop,macOS
williamssteven,gFvRlFsLe,2021-03-23,Web,Linux
xvillarreal,DEgCNe,2020-11-18,iPad,iOS
timothycortez,GDF,2021-12-06,Android,Windows
vanessaguerra,PUr,2020-08-09,Web,Android
danielblankenship,Kv,2020-04-14,iPhone,Android
joel85,jva,2022-11-27,Android,Linux
tom59,EuGcNlz,2021-02-04,Web,macOS
harrisontimothy,QJ,2024-01-06,Desktop,Linux
lori42,Ki,2022-10-11,Web,Android
alyssagarcia,XiCSw,2022-07-02,Desktop,iOS
mariahgamble,Po,2020-09-25,Web,macOS
adam09,VVYAI,2021-01-18,Android,iOS
sarahleon,wBCpGCTeLl,2024-03-12,Web,Android
pfitzgerald,YDBxeXeaUA,2024-01-08,iPad,Android
turnerkayla,whqr,2020-10-16,Web,iOS
brittany66,IYlZpDLt,2021-09-30,iPad,Android
thomas01,caryrMNd,2023-03-20,Web,Linux
danielle25,FK,2023-08-29,iPad,Android
lauradavis,aPhhKWYUgt,2020-09-26,iPhone,iOS
loweryrichard,NQjWwj,2023-11-05,Android,iOS
andrew32,dcZluwZcF,2020-05-04,iPad,Android
johnstonmaria,yru,2020-02-06,Web,Windows
heatherfisher,eUE,2021-04-05,iPhone,macOS
angela71,Cqqlpp,2022-09-08,iPad,Linux
davisjeremy,WTraHstT,2023-03-25,Android,macOS
wmills,QssdDJXq,2020-11-17,Android,iOS
thompsonashley,wEVRuCKgGF,2023-11-09,Android,iOS
youngcarlos,TFdIkhjgW,2023-05-14,iPhone,Linux
qgould,RGlLUezrfH,2021-02-12,Web,iOS
robert12,SVcCHC,2020-12-09,iPad,Linux
hendrickscaleb,tzIa,2022-12-03,Android,macOS
arthur98,zaEMOzFvO,2020-02-14,Android,macOS
hendersonmartha,CQMioyrXK,2020-05-18,Android,macOS
martinvilla,bhhbR,2023-09-12,iPhone,macOS
daviddavis,wEsxlAV,2021-04-25,Desktop,Linux
samuelwells,RVxhJuJrMM,2022-05-15,Desktop,Android
afisher,cEci,2020-08-19,Web,iOS
davissylvia,UFFiMSZgu,2022-10-06,iPad,Linux
elizabeth64,MggjXbr,2022-08-26,Android,Android
toni55,jXMnQcnN,2024-02-09,Android,Android
townsendandrew,Ftak,2023-07-06,iPhone,Windows
kennethjames,UjjWpawLW,2021-10-05,Android,macOS
mjones,AYEbwctBUe,2020-10-12,iPhone,Windows
shelia11,VWMIe,2022-03-29,Desktop,iOS
jonathonbrown,Oig,2021-11-30,Android,Linux
williamssteven,tJubXDpWcO,2022-08-16,iPhone,Android
garciatimothy,tjQM,2023-05-25,iPhone,iOS
middletonmichael,kaFBX,2023-11-06,Desktop,Windows
stephaniecarlson,ZK,2023-09-25,Desktop,macOS
jasmine80,tsbu,2020-11-07,Web,iOS
bakerrebecca,WfIyzE,2024-03-15,iPhone,Android
smithlindsey,xVLvXKYWL,2020-05-15,Desktop,iOS
steven99,TD,2022-02-01,Web,iOS
khill,QCIJ,2021-02-07,Web,Windows
schultzmichelle,TRvW,2022-02-27,Web,Windows
uwilliams,FkFWrgYfUh,2021-09-27,Web,iOS
fhutchinson,bNET,2022-11-16,Web,macOS
joseph82,TgBRSlEZa,2022-02-25,Desktop,iOS
amanda73,QfSYO,2020-12-22,Web,Windows
treid,DIme,2022-06-30,Android,Windows
snguyen,ZIX,2022-05-26,Web,Linux
megan38,UEb,2024-04-09,Desktop,iOS
christine50,TfS,2020-08-17,iPhone,Linux
danielle25,WIqaNbuf,2020-08-28,Web,iOS
ronniesmith,vrjOVHfDF,2022-02-05,Android,Android
robert58,WJs,2024-04-10,iPhone,Windows
april11,MdGdOt,2020-03-11,iPad,macOS
carolynjackson,bKq,2022-08-09,iPad,iOS
dixoncourtney,ddHpo,2020-04-02,Desktop,Android
janet98,MBQsbrXh,2021-08-07,Web,Windows
johncoleman,rivqO,2022-07-07,Web,Android
ebird,czPIZyeLDG,2023-06-15,iPad,macOS
victoria77,ZYxINRhe,2021-10-02,iPhone,iOS
marc89,EgPiH,2020-12-06,iPhone,Windows
wwarren,lPamFPrf,2020-12-27,Desktop,macOS
jim19,WgJVyqehAE,2021-06-20,Web,macOS
virginia94,BUWjQjfEC,2020-11-03,Web,Windows
nicoleconley,RPXnDQIYL,2020-01-23,Web,Android
ramirezaaron,IimADdT,2022-08-19,iPhone,iOS
hunterrosario,fTZuIkGyn,2020-04-26,Android,Android
stephaniepatton,rlxPhmLj,2021-12-20,Desktop,macOS
jeffreyhayden,BUWjQjfEC,2023-11-01,Web,macOS
bakerrebecca,dtmFwgou,2020-04-30,iPad,Windows
harrisdiane,rSAf,2024-04-05,Desktop,Windows
brewerandrew,rFSi,2023-10-22,iPad,Linux
joseph82,wtlmXmPa,2023-01-09,iPad,Windows
hayesshane,aqML,2023-08-17,iPhone,Linux
xmoss,tvx,2024-03-31,Web,iOS
adamsrussell,xh,2021-11-26,iPhone,Windows
robinsonkelly,tUjJltbm,2023-04-03,iPad,macOS
ann34,WYwQd,2020-10-31,iPhone,iOS
jessica95,ywxAWo,2022-12-01,iPad,Linux
hburch,WhS,2022-11-17,Android,iOS
alvarezpeter,nL,2023-08-15,iPad,macOS
allenchristopher,miyJBSQjDX,2022-06-20,Web,iOS
myerslaura,czav,2021-01-30,Android,Android
monroesylvia,myFU,2022-12-07,Android,iOS
tayloradam,owbMbOdgEX,2021-10-06,Android,Android
bryan83,ncccjlr,2023-11-21,Web,macOS
mayerjohn,KljZjJ,2023-12-13,iPhone,iOS
mjames,RY,2022-10-02,Android,macOS
elizabeth98,FCPxE,2020-12-21,Desktop,iOS
dawnherrera,kOdbw,2022-02-06,Web,Windows
pchavez,goeyzIWV,2022-08-06,iPad,Linux
hardykimberly,DUNQ,2023-04-28,iPad,Android
yatesnicholas,sLrtfEvyP,2023-03-22,Desktop,Linux
cory82,DxVFFdnPpt,2020-08-27,iPhone,Linux
brandon34,bwsX,2022-11-05,Web,iOS
mboyd,XW,2021-11-13,iPhone,Android
calebbennett,ZOssR,2021-04-05,iPad,iOS
jimenezsusan,ayfdPPjqU,2020-05-04,iPad,Android
ronaldharris,Gcmic,2021-01-28,Desktop,macOS
suzannehaas,BuShLMQKv,2022-11-13,iPhone,Linux
johnsonkevin,ZUoK,2022-03-08,Desktop,Linux
yhall,ZsfHrSzOB,2022-07-22,Desktop,Linux
zreese,aZRbtYNz,2024-02-17,Android,Windows
ebarrett,nszYzryW,2020-08-24,Desktop,Android
mark16,fNnNuMj,2022-01-11,iPhone,Linux
kleinryan,hbyu,2023-02-27,Desktop,macOS
matthewforbes,nomCjJITrL,2024-02-18,Desktop,iOS
bcook,JeqoNM,2022-04-22,Desktop,Android
sarahcruz,BznPgtWG,2020-10-26,Desktop,iOS
xsimmons,oNvxTxlneD,2024-02-11,iPad,iOS
cfletcher,XOcxh,2022-09-13,iPad,macOS
knguyen,zeMfo,2023-10-11,Desktop,Windows
obrienjohn,kWNMAtEHc,2022-03-19,Desktop,iOS
phillipschristina,POGUSeSd,2022-05-31,Android,iOS
stephaniewong,NwTuEK,2023-06-11,iPhone,iOS
pjohnson,OSe,2022-05-02,iPad,Linux
james39,UVfOxlCes,2022-12-18,Android,Linux
sbrooks,RyxZFBtP,2021-09-08,iPad,Windows
craigjames,gjTasXRJTz,2020-11-17,Desktop,macOS
meyermichael,ONI,2022-06-03,iPad,Windows
courtney64,CJJlsdPyAq,2022-08-03,iPad,Windows
michelle25,mN,2024-03-06,iPad,macOS
christopherrodriguez,uzkBxBqg,2024-01-02,Desktop,Linux
fergusonpaul,fEk,2020-01-06,Desktop,Linux
shawnhanson,eknrqDx,2020-07-05,Web,iOS
leekatelyn,cMs,2023-05-09,Android,Android
michael29,ryrkVDgtul,2022-12-14,Web,Windows
kelleyjulia,HtMUWusCm,2024-03-25,iPhone,iOS
jerrybernard,PdY,2024-03-18,Android,iOS
crystal69,JH,2020-09-26,iPhone,Android
snguyen,gqGISKXb,2020-10-22,Android,iOS
hendrickscaleb,VbMxAOBff,2020-06-19,Android,Android
christopher55,FnpmjzW,2022-02-17,Web,Android
xhoffman,hzvhpsyjL,2020-04-13,Web,Android
rhamilton,yYqsw,2020-09-12,Android,iOS
kevin66,KACgnZaf,2023-11-20,Web,iOS
tatejohnny,gwTHxNtLb,2021-02-25,Desktop,Linux
wendykelly,CTrAFkc,2021-12-04,Android,iOS
chaneyjonathan,NssuJd,2022-12-12,Desktop,Linux
atkinsontimothy,cd,2020-10-27,iPad,macOS
simonmaria,WSlyuxkqoB,2023-01-19,Web,iOS
ericgreen,BLRndTcC,2023-11-07,iPhone,Linux
carriemoore,ZBdB,2022-06-30,iPad,iOS
morrisoncrystal,kpbxMhu,2023-01-20,Android,Android
joe07,CmssLHT,2021-12-09,iPhone,macOS
stephanie30,WbWRZO,2020-12-05,iPad,iOS
alisonbrown,gqGISKXb,2023-12-14,iPhone,Linux
dawnstevens,pmQHmi,2022-12-26,iPhone,Linux
connor16,XPhzwrqv,2023-09-26,Desktop,Linux
frazierashley,se,2021-12-06,iPhone,macOS
charlotte51,twEvG,2020-11-21,Android,Android
mcopeland,XRwISlOd,2023-11-11,iPhone,Windows
ashley70,aTuBG,2020-02-09,iPhone,Linux
tyler98,hVDNRN,2023-11-06,Web,Linux
