UserTag,MessageId,TimeStamp,Device,OS
danny58,WVQVDKc,2021-11-09,iPad,Android
kbarker,ryZhG,2022-12-08,iPhone,macOS
michaelbell,HBfswlYSO,2021-04-07,Android,Windows
christopher93,jfzVKye,2023-01-13,iPhone,macOS
brittany19,MYbaB,2024-02-05,Web,macOS
michaelbrown,iqh,2022-07-28,Android,Android
sonyabarnett,syPvwtVvh,2021-08-16,Android,Linux
jessicapeck,bfuOkUL,2020-05-11,Web,Linux
monica46,uUBrooXmY,2021-07-15,iPhone,Android
currysandra,DaAay,2020-06-06,Web,Android
crystalmills,GuwtXHGNFD,2024-01-17,iPhone,Android
wcampos,qmGHTxyEO,2020-02-18,Desktop,Linux
dawnflores,BjGrMTlo,2022-03-17,Desktop,Windows
vpineda,DnhYgdN,2023-11-06,Web,Android
denisecruz,jJvP,2020-08-07,Web,Windows
perkinsjesus,GNxgjPrGpP,2020-10-24,Android,iOS
breannapope,ZoFlpXnU,2022-01-19,iPad,Windows
mcalhoun,zt,2023-06-02,Desktop,Linux
ohernandez,GFFU,2022-10-31,Web,macOS
yvaldez,nQVwrtHAk,2020-04-29,iPhone,Linux
ryanfoster,jiWUdNTslJ,2022-10-15,iPhone,Android
sherri46,rPEa,2023-05-20,Desktop,Linux
hickscarol,fznDIVx,2022-02-27,iPhone,macOS
markguerra,SokZb,2023-04-23,Android,iOS
nwilliams,CBpvaomJpO,2021-02-26,Web,macOS
robertbishop,tjr,2021-10-29,iPad,iOS
gonzalezariel,UVFyYZJ,2020-07-19,Web,iOS
smithheather,rpQ,2020-08-09,Web,Linux
vpineda,xjCGYJxEZ,2021-01-15,iPhone,macOS
prusso,GNxgjPrGpP,2023-01-31,Android,iOS
alexa97,hrI,2020-03-20,Android,Windows
mhamilton,aKOu,2021-09-11,iPhone,Windows
dillonstephanie,OnSfWdidL,2020-07-31,iPad,iOS
nelsondaniel,wODDvIQO,2024-04-03,Desktop,iOS
lawrencejason,WMQFMdo,2020-10-05,Web,Windows
awilson,aX,2022-09-06,Web,macOS
eric73,ZBdozAZ,2023-12-26,Desktop,Windows
gferguson,ScOjtg,2022-02-25,Android,iOS
rboyd,PSZEMN,2023-09-23,Android,Android
ffoley,fBj,2020-12-06,iPhone,Android
ilong,EV,2023-02-20,Android,macOS
awagner,FpJDXb,2024-03-03,iPad,Android
qholland,IeWQCE,2020-10-07,iPad,Android
mercadosteve,fo,2023-07-08,Desktop,Android
emilynguyen,VpxJu,2021-12-16,Desktop,iOS
acisneros,ryZhG,2021-04-24,Desktop,macOS
aquinn,gPyhMpE,2023-03-22,iPad,Android
kelly91,EoOsexi,2021-06-30,iPhone,macOS
jennifer18,GcT,2022-11-14,Web,Windows
ramirezlinda,tyiHRPT,2024-04-01,iPad,Windows
browndiane,EExma,2023-01-15,Web,Windows
joseph69,ilyaoozA,2021-08-11,Web,Linux
kelly01,wQkmPOn,2021-11-11,Web,macOS
hvelasquez,YMd,2020-07-16,iPad,Android
katrina81,fLMuDAEwA,2023-10-20,Desktop,iOS
jill78,iaDLr,2023-04-26,iPhone,Windows
smithpeter,jiiZn,2020-04-04,Web,Windows
christopherbryant,pAZJxGd,2021-08-16,Desktop,Windows
nicolecox,cSPeRRt,2023-05-20,Android,Windows
connor18,naZjJMxrr,2022-12-12,iPhone,Linux
gonzalezariel,UXXFDKkqV,2023-05-16,Desktop,Windows
kbrown,FECqJ,2021-04-10,Desktop,Android
hjohnson,GtyCQDVrks,2024-02-09,Desktop,Windows
johnathan17,kiZ,2023-03-31,iPhone,Windows
rebecca57,WueboAu,2021-05-20,iPhone,Android
gregorywhite,RdRPrMzJC,2022-12-05,iPad,macOS
samuelwilkerson,bGfYWXJ,2022-01-16,iPad,Linux
lambdanielle,SIfpYp,2023-05-16,Android,macOS
kevin00,LZRDv,2023-02-18,Desktop,iOS
umckay,FexDC,2021-10-11,Desktop,Windows
crystalmccarthy,hSF,2021-03-07,Android,macOS
dicksonlinda,efAiuJzMhU,2022-07-10,Android,Android
dgonzalez,yMdfQ,2021-12-19,Desktop,iOS
janetfox,hwnXxKkniS,2023-03-07,Web,macOS
elizabethmartin,qMSZmWXQC,2021-07-11,Desktop,macOS
amanda98,LaQht,2020-11-01,iPad,iOS
sarahburns,Ik,2023-05-26,Desktop,Linux
wendy62,JQk,2020-12-28,Android,Windows
davidbell,EESdI,2023-04-22,Android,macOS
jacobelliott,wM,2023-03-06,Web,macOS
timothyberg,dfQxhTP,2021-10-17,iPad,Android
kelleyjohn,JmeHUBjjI,2020-12-20,Android,macOS
susancollins,chJ,2022-11-07,Desktop,Android
aclark,McH,2021-08-25,Web,macOS
cherylmartin,xudLOg,2021-08-11,Android,macOS
brittanyjensen,sLkDjGi,2020-03-22,Android,Linux
bernardharris,iQgIwFXYoN,2022-09-11,Android,macOS
joseph78,FhVkPe,2020-09-13,Android,macOS
lmcgrath,aNij,2020-08-05,iPhone,Android
nedwards,ItQomYJM,2023-09-07,Desktop,macOS
dmiller,OULeOT,2023-05-05,Android,Linux
angelahall,UAveppaeY,2022-03-12,Web,macOS
kylemeyer,vLjei,2023-10-06,Desktop,iOS
karlacooper,rLdqt,2021-09-21,iPhone,macOS
stephen92,pbk,2020-08-20,iPhone,macOS
rdowns,nkpV,2021-12-20,iPad,iOS
udaniels,YntFXqm,2023-05-11,iPhone,Android
dylan23,nOmuSNkQJ,2020-04-15,Android,Linux
brandon30,kAiNrBv,2022-06-06,iPad,Linux
njackson,kvponc,2023-11-01,Desktop,Linux
floresscott,UzmhYUlx,2024-01-02,iPhone,iOS
robertgoodman,hy,2024-04-01,iPad,Linux
guerrakatherine,loEhCGHTv,2021-01-28,iPhone,Android
jamescunningham,NrvfFgTx,2021-05-19,Android,Android
jacquelinedudley,XiuuGpFwMe,2022-02-10,iPad,Windows
glindsey,oWr,2021-11-07,Web,Android
josephmendoza,VMKD,2021-08-16,iPad,Windows
fmorgan,TLq,2021-09-10,Web,Windows
gonzalezyolanda,kiZ,2020-02-07,iPad,Windows
paul87,fznDIVx,2022-04-09,iPad,macOS
helliott,lU,2022-07-31,iPhone,Android
jjensen,nuYfNU,2024-03-15,Desktop,Windows
phillipsashley,sSogOZaNfP,2023-10-04,iPhone,Linux
mullinsbryan,XyovDPb,2021-05-01,iPhone,Windows
brewerryan,NyozmL,2023-06-04,Android,iOS
emaldonado,OaRAgO,2022-09-17,iPad,Windows
martinkyle,cUERbLYF,2021-07-03,iPad,Windows
laceythomas,ATnkbNC,2020-10-11,Android,Linux
gordonbrian,pfqXy,2021-02-14,Desktop,Android
nathanielbarnett,ZpqwHXXPt,2022-04-15,iPad,Windows
mirandachristopher,EwR,2023-01-18,Web,Android
earmstrong,lzoEZvY,2020-11-11,Desktop,iOS
stewartsteven,VfgugyKO,2023-10-24,Android,iOS
timothyjuarez,gimMH,2020-02-02,Desktop,Windows
nicholas27,Uf,2022-07-07,Android,Android
taylorjames,VZa,2023-07-29,iPhone,macOS
dharris,epSBVAW,2023-04-17,Desktop,macOS
rrodriguez,My,2023-08-01,Android,Linux
andrewsbrandon,EsBqCZCl,2023-01-31,iPad,Android
jimhenry,asTnjH,2021-03-07,Web,macOS
qtownsend,jMytVO,2021-03-21,Android,Windows
foxkarina,jy,2020-07-17,Web,iOS
nathanrosales,CJJqmlbJ,2021-06-12,Web,Android
travisnash,PMaBxwvSVQ,2023-09-08,iPad,macOS
susanboyle,gsebkIr,2023-11-18,Web,Android
dtucker,QhnGD,2020-03-18,iPad,Android
jacksonkayla,cQvRvEzHDI,2021-08-08,iPhone,macOS
ashley12,kHtdTqqk,2023-07-16,Android,iOS
thomas59,tmVilpyYYD,2021-11-24,Android,Android
wmorrison,jMytVO,2020-05-24,iPad,Android
palmermatthew,MOcZJL,2022-09-24,iPad,Windows
robertscharles,PUlxQRu,2021-11-08,Android,Windows
emilygraham,yNq,2021-04-16,Web,Windows
glen54,qDaEZUag,2022-01-11,Android,Windows
mccarthykatrina,mssu,2021-03-28,Web,Windows
banderson,tpzQX,2020-11-09,Android,Linux
jenniferweaver,RovFjrQG,2023-08-24,Desktop,iOS
kimberly66,NMTo,2022-12-17,Android,iOS
ljenkins,DgYYBOddLe,2020-05-18,Android,Android
wcox,IPCtLQWP,2021-04-10,Android,Linux
qhendricks,tCsiPtgwS,2021-05-19,iPad,Windows
mullinsbryan,WcbbnNhEkn,2022-04-18,iPad,Windows
collinsdebra,DBmLOVNKJF,2022-09-01,Desktop,Linux
parkzachary,THpxP,2024-04-14,iPad,Linux
baldwinrachel,HAtrlEV,2021-12-07,iPhone,iOS
jennifer20,mNBYqx,2022-11-28,Desktop,Windows
ghuang,sc,2020-04-06,Web,Android
meganespinoza,TpAFv,2020-07-11,Web,Windows
angela30,GmvGtS,2024-02-01,Android,Android
vfisher,gabQpJoGip,2022-12-16,Web,Android
sean97,QjJ,2023-08-07,iPhone,Linux
donnaliu,wdldUpXTwN,2022-04-18,iPad,iOS
jennifertucker,EinUsfwAc,2023-10-23,iPhone,Linux
porternicole,xDM,2021-08-16,iPad,Android
steven98,wFe,2020-04-15,Android,Windows
kathrynrandall,KzB,2023-01-23,iPhone,Linux
esmith,SNThuKFU,2023-06-07,Desktop,macOS
whitakerbrian,Cntz,2022-10-13,Desktop,Android
mollycruz,ibwHYR,2022-05-05,iPad,Linux
nmartin,sZ,2021-09-18,Desktop,Android
robert57,SNUfcuk,2020-02-04,Desktop,iOS
cwheeler,WkHTXoh,2022-01-27,iPhone,Android
michelle39,KMAG,2021-09-24,Desktop,Android
robertbarnes,xjro,2023-09-08,Web,Windows
james28,tjW,2023-09-01,iPhone,macOS
erikamartinez,eOiYmN,2023-12-03,Android,Linux
christopher59,tcA,2023-04-02,Android,iOS
amedina,qQofKBJ,2023-06-11,Android,macOS
caitlincole,ycbyLTAdbI,2023-11-27,Web,Android
michael09,NzHxL,2020-02-17,iPhone,macOS
valerie24,YMYYVU,2023-12-27,Desktop,Android
michaelbell,NEa,2023-04-09,Android,Android
upark,bo,2024-02-08,Android,iOS
morrisjames,WNJZzozpL,2023-05-23,iPad,iOS
tjones,vyrIMx,2021-03-24,iPhone,Windows
mariamoore,WxmNZVrtuJ,2024-03-03,Android,iOS
valerietorres,jJhVGCW,2022-01-13,iPhone,macOS
meghanvalenzuela,bSxUruFHeH,2021-09-24,Web,Windows
tanya70,zdf,2022-09-05,iPhone,Android
hectortaylor,ggi,2021-09-23,iPad,Windows
stephenreid,yAsDsYBo,2023-10-20,iPad,iOS
gregoryturner,VANKuN,2023-04-29,Android,Linux
pcraig,fKDXndm,2023-11-08,iPad,Android
moorecraig,bMsUoVeLUk,2021-05-25,Android,Linux
phillipspaul,fgKenKZGWr,2022-10-19,Desktop,iOS
mnelson,wkyCwDc,2022-08-03,Web,macOS
johnsonmatthew,CpDu,2020-02-21,iPad,macOS
geralddavis,KPzJ,2020-05-23,Desktop,Android
robertjones,PzVtXMj,2023-06-08,Android,Android
debrawright,siJCpwKO,2021-09-17,iPhone,Android
dennislindsay,XJSQyNJMV,2024-01-24,iPad,Windows
leegabriel,UQNYahqkWZ,2024-03-21,Android,iOS
christopherwilson,Ulre,2022-10-03,iPad,macOS
shieldsnicholas,VrtDdoC,2020-06-01,Desktop,Linux
wilsonjohn,vGA,2020-11-18,iPhone,Windows
xkeller,qUKzMYmYl,2022-12-02,Desktop,iOS
daviddavis,xjo,2020-08-17,Web,Android
ndixon,mfLdan,2023-09-19,Desktop,iOS
cookjason,kuLJ,2023-02-06,iPhone,Linux
zblankenship,CYLHsMzBC,2021-05-25,Desktop,iOS
ruizashley,HNOxoBJfn,2023-09-28,iPhone,Android
zcohen,hsLsBN,2021-11-23,iPad,Android
uwhitney,CB,2020-10-28,Web,Linux
henry52,bmfcAqfkTy,2024-02-20,Web,Linux
cphillips,xmX,2024-01-30,iPad,iOS
vincent56,rbjHJF,2020-09-19,iPhone,iOS
jody31,pgL,2020-08-26,Android,Windows
jason70,QZf,2024-03-18,iPhone,macOS
alexandria92,SSaUFyi,2021-01-23,iPad,Windows
brandon83,HzdPAcOVKK,2021-11-26,iPad,Windows
kristopherfox,zSWg,2020-09-11,iPhone,iOS
igrimes,ul,2023-10-21,Web,Android
zanderson,HdqSKFb,2023-04-04,Android,Android
hunterpriscilla,UTIFGmda,2020-05-01,iPhone,iOS
simpsonmichael,aeLO,2021-08-14,Android,Windows
julie19,HMvVyztB,2021-01-17,Desktop,Android
zgonzalez,lOKqzb,2022-12-03,Desktop,Windows
phillipskyle,qoXLVGUx,2021-07-24,iPad,Linux
wjackson,YZUGWV,2022-04-29,iPhone,Android
jessicatucker,JLpN,2024-01-05,Android,Linux
charlesgonzalez,jfgtvIOv,2022-09-29,Android,iOS
rachel15,HnYflF,2021-08-26,Desktop,macOS
amberbates,OzzukU,2023-01-15,iPhone,Linux
eric34,qTCbpI,2020-05-19,Desktop,Windows
stuartalexander,cDQITB,2020-10-10,iPhone,Linux
andrea74,XQyYFVKfs,2024-03-14,Web,Android
gina97,Ge,2021-02-15,Web,iOS
stonejohn,jmghlaQETV,2020-02-11,Desktop,iOS
cheryl81,kOQiSlnJ,2020-08-31,Web,iOS
michaelevans,uHevlGBzk,2020-05-13,iPhone,Windows
estescody,wJdCsCSeJq,2020-08-16,Android,Windows
jamie67,pQEan,2023-10-09,iPhone,iOS
qedwards,EINZBpB,2021-09-17,Desktop,iOS
jonestroy,oD,2023-12-15,iPhone,macOS
garrisonrichard,xoZbbk,2023-10-22,Android,iOS
cmora,iCCGS,2022-02-16,Web,macOS
tammy86,Ope,2022-07-22,iPad,Linux
zacharyspencer,qdBt,2020-03-08,Desktop,Android
kimwalker,WYqTM,2021-04-27,iPad,Windows
jeannegarza,kVVFsYTCE,2022-02-22,iPad,macOS
carlos04,yaChTMH,2022-06-04,iPad,iOS
zglenn,kgqOwXBA,2024-02-24,Desktop,Linux
imurphy,nVfKoZMr,2020-05-31,Android,Windows
wthomas,hHURAAHeNf,2022-09-27,iPad,Linux
angela77,urqh,2021-08-15,iPhone,Android
fernandowood,srYSM,2021-08-17,Android,Linux
rebeccaharris,ayOf,2023-04-08,Android,Android
jennifertucker,HwqzbxXieU,2022-03-08,iPad,macOS
hectortaylor,mtBIxF,2023-04-23,iPhone,Linux
elizabeth98,gkByzRCpJk,2021-05-24,Desktop,macOS
caroline49,mrRcCLB,2023-08-08,Android,Windows
nmurphy,ZNYrgCnR,2020-02-02,iPad,Linux
boydmario,atliXrvEk,2022-11-28,iPad,macOS
dukemason,gbWkl,2022-06-20,Android,macOS
rsherman,RtLjWDFW,2023-08-19,Android,Android
gking,qolQK,2020-11-06,Android,Windows
stephendorsey,kRlUIxXTlq,2023-09-19,Android,iOS
alexandra40,wJkwPUVuFs,2020-02-19,Android,macOS
tarakelley,FXfbINe,2024-02-10,iPad,Windows
valerie03,GEUUTjnKh,2022-05-12,Web,macOS
charlesschwartz,fIiXd,2023-11-11,iPhone,Android
bradley89,YGgrnZlXQF,2020-11-16,iPhone,macOS
davisheather,kIECyjBq,2021-10-30,Android,Linux
ballardjessica,SAHjkG,2023-02-13,Android,Android
fmoran,ItZc,2022-10-17,iPhone,macOS
jennifergreen,rFEU,2021-12-05,Desktop,Android
michaelevans,lVizdYkPm,2020-07-13,Desktop,Windows
hkim,PLjBXuGBP,2023-09-26,iPad,Android
rhenry,AXw,2023-04-19,iPhone,macOS
alex89,aKbwFlEu,2020-06-21,iPhone,macOS
karenterrell,DImNm,2020-08-25,Android,Linux
ghorton,nNcj,2021-07-15,Android,Android
cindyharmon,pAF,2021-09-16,iPad,Linux
danielcarroll,cRFc,2023-08-18,iPad,Linux
christophersmith,gmsKu,2020-12-01,iPhone,iOS
xmckinney,xEP,2022-10-20,Android,Windows
larry31,CerTtvAP,2022-11-12,iPhone,Windows
mpeterson,hS,2020-03-25,Android,Android
nelsontim,GOeRlwJi,2020-05-15,iPad,Android
volson,KrS,2023-07-27,iPad,Windows
thomasjames,lINthfB,2021-05-08,Desktop,Android
uwilson,TIluaBfwuQ,2023-06-20,Web,iOS
anna68,NZinNO,2020-06-02,Desktop,Android
tylerdougherty,QD,2020-03-06,Desktop,Linux
nsilva,tLA,2020-04-22,Web,Android
costamichael,rwgb,2021-09-15,Android,Android
brandoncopeland,pSbvg,2023-07-25,iPhone,Linux
buckmatthew,VX,2024-02-13,Web,macOS
eric35,fVsgCAKPC,2024-01-04,Android,Linux
jessicatrevino,IGiG,2020-01-14,iPhone,iOS
courtneyrhodes,DTtAPS,2021-11-05,Desktop,Linux
tuckerandrew,OstZsqhZ,2023-08-05,Web,iOS
nhenderson,kAxJd,2023-07-19,Web,iOS
leonard79,IEkHu,2023-10-27,Web,Windows
christywright,KHFalDyQXD,2021-01-26,iPad,macOS
jcarter,AleeDoiAwF,2024-02-28,Web,Windows
cmorris,IhRMtq,2020-07-16,Desktop,Android
paulfowler,zxb,2020-10-21,iPhone,Windows
jacksontonya,JUkWdwIbp,2023-01-02,Android,Android
jessica61,CQTWMlDCD,2021-05-06,iPad,Linux
rogersdonald,vfdadYTR,2021-07-13,Desktop,Android
xgriffin,ogii,2023-10-01,Web,Linux
andrewreilly,JefE,2023-03-23,Android,iOS
odixon,aBRuiZLpYi,2021-02-16,iPad,Linux
hmcgrath,IXyyf,2020-08-21,Desktop,macOS
lovekrista,EdVua,2022-08-28,Desktop,Linux
xwashington,juE,2023-01-18,Android,Android
butlerkatherine,eMWMBcx,2022-08-10,Desktop,Linux
autumnhughes,usypnCoS,2023-05-13,Android,Android
hunterpriscilla,sSogOZaNfP,2021-09-09,Desktop,iOS
lori33,ScwVy,2020-07-17,iPad,Linux
obarnes,NGRDdKjXUL,2023-04-14,iPhone,Linux
nlewis,ez,2023-01-30,Web,Android
ggilbert,ejiQclg,2023-06-12,iPhone,Windows
kristina07,GzbtGMDqm,2023-01-12,iPhone,Windows
katrina81,LlMDiQ,2020-04-25,iPhone,Linux
matthewjones,wcYWxaJt,2021-10-08,Web,macOS
smithkathleen,legBBMrdTG,2020-12-13,Web,macOS
ronald51,DxqUtF,2020-09-14,iPhone,Linux
nathanrosales,KINvt,2023-11-19,iPhone,Windows
fkelley,xamBr,2021-06-08,Android,Windows
wcox,BSMsLgMJVG,2022-05-14,Desktop,Linux
cochrananthony,TMQeEp,2021-10-24,iPad,iOS
mercadochristopher,EXeWKKqFn,2020-03-09,iPad,iOS
oroth,pfqXy,2021-06-26,Web,macOS
rogerspamela,IUmEE,2021-07-02,iPad,Linux
gcarrillo,CZGk,2023-09-19,iPad,Windows
perkinsconnie,uAwRV,2021-12-24,Desktop,Windows
isaiah65,LsOv,2023-08-19,iPad,Linux
jjensen,tOZ,2021-03-24,iPad,macOS
vramirez,xKH,2020-11-14,Android,Linux
ohernandez,tcpENqZp,2021-09-06,Android,Windows
kelliehall,OqU,2021-12-27,Desktop,Windows
johnsonpenny,wJdCsCSeJq,2022-01-16,iPad,iOS
mariagross,CerTtvAP,2022-09-04,Desktop,iOS
ngraham,vlP,2023-03-28,iPhone,Linux
kevin79,vF,2023-10-25,iPad,Windows
michellekoch,sLZ,2020-02-11,Android,Windows
vbartlett,TdAWGktWI,2021-07-29,iPhone,Windows
morrischristopher,QV,2023-04-30,Web,iOS
harrisashlee,TPURGmhTrU,2020-06-06,iPhone,macOS
annahogan,fBj,2020-06-12,iPhone,iOS
carol82,oBDoQry,2020-08-01,iPhone,iOS
orodriguez,cYKHyp,2024-01-17,Android,macOS
ilucero,sWfDfg,2021-05-22,iPad,Android
willismichelle,HLhRQO,2022-03-20,Android,Windows
zrhodes,GdgS,2020-01-14,Android,Android
james65,OrGS,2023-10-29,Web,Android
rvalentine,fDdlH,2021-08-19,iPhone,Android
rbentley,fxCBrzpZ,2023-11-10,Desktop,Linux
autumnhenry,rruJLVrtS,2020-08-10,Android,iOS
ericjones,XYBgAGEAJx,2024-04-12,Desktop,Linux
ntrujillo,xCNFxpmPFu,2022-11-26,iPhone,macOS
hendersonhannah,EyQW,2023-01-18,Web,macOS
suzannehines,Jct,2020-02-27,Desktop,Android
melissa68,Pwpybq,2021-03-24,Android,iOS
khardin,vMYDpyNUXY,2022-11-03,iPhone,Windows
vcarson,dzRsSaYArW,2022-12-09,iPhone,Android
melissa80,Ge,2021-08-18,Desktop,Windows
kathysullivan,zZKOMn,2020-07-28,iPhone,macOS
cookechristopher,mvJjY,2022-06-25,iPad,Windows
ebennett,MbWgMr,2021-12-01,Web,macOS
teresasalinas,QeZiCSiMs,2022-05-18,iPad,Android
tskinner,xmcKnn,2022-02-15,iPhone,Android
tashachambers,gabQpJoGip,2021-07-31,Android,Android
lauramiller,AAJImRr,2020-05-26,iPad,iOS
skinnermercedes,IJ,2022-09-17,iPhone,Windows
ffreeman,tV,2020-06-16,Desktop,Linux
williamsrobert,oVTSBLEN,2023-09-17,Web,Windows
andrea65,vF,2024-03-25,Web,Android
floreslarry,DeiCv,2023-10-02,iPhone,iOS
kwarner,JcRgJQp,2020-10-02,Web,iOS
andrewsdakota,BAuwNxle,2023-05-10,Android,macOS
patriciabrown,udFi,2022-03-25,iPhone,Linux
rileytracy,ygexJ,2020-04-01,iPad,iOS
alexa38,lBtU,2020-04-05,Desktop,Linux
lambsydney,NzKrKrD,2020-03-23,Android,iOS
calvintrujillo,bPLZwvAb,2023-07-07,iPhone,Linux
acline,IiUMzVAtvr,2022-12-20,Android,iOS
rhunter,sxFnlHTcd,2023-12-02,iPhone,Windows
werickson,sGNMzyx,2022-05-26,iPhone,Linux
suttonpeggy,TiRSmQjr,2022-01-30,iPad,iOS
jeffreylara,UkYB,2020-09-02,Web,Linux
tyler74,Kkn,2022-01-30,iPhone,Android
richardmccoy,bCSaNkt,2023-10-14,iPad,Linux
david34,ZZc,2023-11-12,iPhone,Linux
alexandermaxwell,JzwzthE,2020-06-29,iPhone,macOS
alec33,wQkmPOn,2020-08-17,iPhone,macOS
ashleyunderwood,lJq,2022-03-21,iPhone,Android
uchristensen,MlFgnLYl,2023-10-09,Desktop,Android
johnkennedy,QtrquLrh,2022-01-24,Web,macOS
edelacruz,PMFc,2022-12-03,Web,Linux
joshua98,JsZmxdUDm,2023-08-03,Desktop,Linux
douglasdixon,kkLIgKuML,2022-10-29,iPhone,Linux
margaret29,GEAT,2022-10-17,Desktop,Android
james28,HiFwa,2020-05-25,Desktop,Windows
madisonramirez,yYbZ,2021-07-02,iPad,Linux
steven53,GxyW,2022-12-23,Desktop,macOS
xsantiago,qDaEZUag,2020-08-17,iPad,Linux
smithjohn,SWPzDI,2020-12-12,Web,Windows
dcrawford,Ai,2020-08-05,iPhone,Android
schmidtmark,aHX,2022-09-23,iPad,Android
justinsanders,vVatHcNiz,2022-12-06,Android,macOS
lewisnicole,hUQPItqbR,2021-04-09,Desktop,Android
xmckinney,Ekccdz,2021-02-13,iPhone,Linux
zcohen,pjIQ,2020-06-04,Desktop,macOS
meganhopkins,YNgpVE,2023-08-01,Web,Linux
alyssapayne,akmJB,2020-11-19,Desktop,Windows
ashleymitchell,EoOsexi,2023-01-28,Desktop,Linux
collinsdebra,XAcczjeSE,2020-10-01,Android,macOS
petersjulie,mWB,2022-08-20,Web,iOS
emiller,vYWHf,2023-12-16,iPhone,macOS
davisheather,hwnXxKkniS,2023-08-20,Android,iOS
mmeyer,hUjZhS,2020-11-25,Web,Android
matthew17,nMulruxpuB,2022-10-30,iPhone,Android
trevor32,lt,2020-03-02,Android,Windows
amedina,cyJHVcc,2023-06-15,Web,Windows
amberbates,IJkGW,2020-07-11,Web,Android
madison65,VwkiN,2021-02-08,iPhone,iOS
john08,kWbPLcsKT,2021-08-26,iPad,macOS
lstein,KatGA,2022-06-25,iPhone,Android
alisonbrown,XPs,2021-12-20,iPhone,Android
dgibbs,DVNGRecm,2023-11-09,Web,Android
andreahernandez,TIhbZCNf,2021-02-07,iPhone,iOS
xkeller,mDCLDS,2022-08-04,Web,macOS
daniel89,TMQeEp,2022-09-12,Android,Android
lopezjames,jGK,2024-02-04,iPhone,macOS
kellycampbell,UKoPadIHO,2022-11-18,iPhone,macOS
eric29,BIiG,2023-03-25,Android,Android
zmills,sRfxBnLCB,2024-04-01,iPhone,iOS
klara,rOSqxJzi,2020-03-20,iPhone,iOS
jamesevan,IfEmTD,2023-07-17,iPhone,Linux
newtonpatricia,bk,2021-03-12,iPhone,Android
mfischer,IkkOAZm,2022-10-06,Android,macOS
nicholas51,dECW,2020-12-05,Android,macOS
daythomas,RGH,2022-06-12,iPad,Android
madison09,xwqZcJyCds,2023-01-25,iPad,Linux
tammyrichardson,cqRpjQ,2022-05-13,iPad,Android
victoria23,PWQfMI,2022-05-14,Web,iOS
xbuck,xIQUv,2022-05-01,iPhone,Windows
camposscott,LbiG,2022-10-05,iPhone,macOS
yjordan,kIECyjBq,2023-05-17,iPad,iOS
emaldonado,CLbRmg,2022-10-15,Web,Android
kathryn14,uouZV,2022-05-01,iPad,Linux
buckmatthew,tIVt,2021-05-07,iPad,Windows
sestrada,TnSzyf,2023-10-03,Desktop,Windows
bradleygarcia,EvZPZMfzq,2023-02-07,Android,Windows
athompson,lVZeSej,2022-05-30,Desktop,iOS
stephanie28,cRFc,2022-12-26,Web,Linux
hodgesjennifer,AUW,2023-10-16,iPad,iOS
robert00,ZoirHKlhwH,2020-12-12,Web,Linux
mschaefer,GQyvZwaShi,2023-09-15,Android,macOS
bryanmcdowell,dYpohdu,2023-07-16,iPhone,Linux
owilson,PMFc,2021-10-18,Web,Linux
pthompson,htfP,2023-04-26,Desktop,iOS
meganford,lUupHKH,2024-04-11,iPad,Android
brianhuerta,JxEdLvhotT,2021-09-19,iPad,Linux
rushraymond,xwE,2021-05-23,Desktop,Windows
tinanelson,kpH,2021-02-05,iPhone,Windows
dgeorge,qsLYYY,2020-10-20,iPhone,iOS
wilsonjoshua,bMsUoVeLUk,2023-05-19,Web,macOS
andrew91,jvK,2023-01-03,Android,Linux
richardevans,KLq,2023-04-04,iPad,Android
ortizmary,hkEyin,2023-09-16,Desktop,iOS
gonzalesmichael,QSbvmC,2021-04-13,Android,Android
patriciachapman,meznRwn,2023-02-08,iPad,macOS
tinamurphy,VuSaS,2021-02-13,Desktop,macOS
suzanneday,PQVFf,2021-05-01,iPad,Linux
jamesevan,IOTsFoAAQp,2020-02-09,Android,iOS
johnstontroy,nhKT,2022-07-25,Desktop,iOS
thardin,IASXYfPPs,2021-04-27,iPad,Windows
vmorrison,NUaWMQgS,2020-08-12,iPhone,Linux
madison52,wbFR,2022-05-09,Web,macOS
gjones,RJF,2021-04-10,Web,Windows
pamela11,QeKp,2020-12-09,Web,Windows
brittney22,uFzEjqx,2021-09-30,Desktop,iOS
stuartstark,HhIMLBOy,2021-12-08,iPhone,Linux
williamjackson,QhT,2023-02-02,iPhone,Android
caseymendez,nNUMWfSkY,2020-05-03,Android,iOS
alexander23,xsx,2020-02-20,iPad,Linux
brandonhill,tOZ,2023-04-07,Desktop,Windows
reynoldskatherine,Ksxeo,2024-02-14,iPad,iOS
nicolelester,wvbOyDhE,2023-02-20,Web,Linux
martindawn,YAxd,2023-08-18,Desktop,Windows
craighall,dulZ,2022-01-05,iPhone,Linux
jennifer64,ni,2021-09-15,Desktop,Windows
rayangela,yMdfQ,2022-10-04,Web,Linux
kimberlyphelps,qZW,2020-09-16,Desktop,Linux
vmoore,jHp,2024-03-12,Android,Windows
nacevedo,XhzCOUHdR,2020-02-18,Desktop,Android
rodney80,aMv,2021-03-31,Web,Android
jaimelittle,gpCFGVqdF,2020-09-14,Desktop,Android
tiffanykelly,vGtuacVin,2023-10-28,Android,Linux
zcarlson,iGIeuNjvx,2021-04-26,iPad,Windows
campbellterri,mESyno,2022-09-06,Android,Windows
ofischer,MLw,2022-04-10,Web,macOS
obrown,wvnUf,2023-10-09,Web,macOS
christopherporter,XmqcDpbwY,2020-08-05,iPhone,Android
mhebert,emXdcXm,2020-08-19,Web,Linux
johnwheeler,fBSYd,2023-11-05,Web,iOS
nathanwilliams,xoZbbk,2022-06-07,Web,macOS
bernardteresa,WWHfnQCb,2023-08-28,Desktop,Windows
jessicawilliams,wyEWxPdotp,2021-03-03,Web,Android
alex89,oohH,2020-12-03,iPhone,iOS
kimberly67,DLbOMJFpYa,2021-03-28,Web,iOS
harrispeter,yYxkUNOjn,2023-05-03,iPhone,iOS
elizabethdavis,dntZ,2023-09-19,Web,macOS
salexander,Pdnv,2024-02-17,Web,Android
dominiclara,QiLL,2021-10-08,Web,Windows
zachary31,UbooT,2022-03-23,Web,Linux
beverlyross,TOiv,2022-12-30,Web,iOS
vbaldwin,alLBtSkQqF,2024-02-28,Web,macOS
bakervirginia,cA,2021-09-18,iPhone,Windows
savannahwood,YiwAi,2023-10-20,Desktop,Windows
corydavis,hSQyVLsD,2023-11-08,Android,Windows
jacobgreene,BITEAWEq,2022-09-24,iPad,Windows
jose53,juSoDNe,2021-01-18,Web,iOS
daniel84,Llp,2021-10-04,iPad,Android
shaneconrad,jUKReb,2020-04-08,iPhone,macOS
cassandrarios,bQbLwujfUa,2023-06-12,Web,Linux
morganavery,hPY,2021-03-09,iPhone,Linux
jerrylivingston,eMpq,2021-05-06,iPhone,macOS
fhopkins,RhTVvQQiWc,2022-02-12,Web,Linux
michael02,rkL,2023-03-19,Desktop,Android
robertlewis,nwVkKdKYjW,2021-10-13,iPhone,iOS
daviserica,sTPFuAzLv,2023-02-16,iPad,Linux
natalie32,MB,2023-09-23,Android,iOS
ujackson,duZSObkVgs,2021-02-02,Web,iOS
jacquelinedudley,wGpZq,2020-06-16,iPhone,iOS
andrewsbrandon,XYBgAGEAJx,2024-03-05,iPhone,Android
jessica07,NAMypEiztJ,2023-02-13,iPad,macOS
qjensen,Ieik,2021-05-06,iPhone,macOS
kennethclarke,GXUNf,2023-04-11,Android,Linux
bernard56,kvponc,2020-10-14,iPad,Windows
brian33,CXjd,2023-06-19,Web,iOS
miranda32,mubmKu,2022-04-18,iPad,iOS
stephanie28,Jt,2020-05-08,Desktop,Linux
robinconrad,Zke,2023-09-24,Android,iOS
fmoss,kHjdbp,2020-02-08,Web,Android
brianmcintyre,YMCfflgcpy,2021-04-29,iPhone,Android
michaelmoore,NHgR,2023-08-07,Desktop,Android
yvonnemalone,rrrBsaU,2021-05-16,Desktop,iOS
xbrown,SXELKimA,2022-05-27,Web,Linux
poolepatrick,Ali,2021-09-10,iPhone,Windows
sawyerkimberly,hcDkHY,2022-10-27,Desktop,Android
ashleylong,Dqb,2021-02-02,iPhone,Linux
hernandezmelissa,SG,2021-03-25,Desktop,macOS
hernandezjasmin,wVLFsGRy,2023-09-24,Web,Windows
breanna02,TpAFv,2021-12-29,Web,Linux
dwaynetaylor,sxMOSgVJrc,2021-05-22,Web,iOS
henry52,vpowZoWj,2021-10-16,iPhone,Linux
deniseharrison,xVACLHFeuj,2022-08-13,Android,Windows
padillalisa,hmBnWJW,2023-06-20,iPad,macOS
pray,oQhCruuI,2022-11-27,Web,Android
zdean,QDZGFzReSx,2023-12-20,iPhone,Android
zglenn,SMa,2022-10-06,Android,Android
vboyle,xjro,2021-05-25,iPad,Linux
david33,vuxIBHq,2020-02-06,iPhone,Android
wongangela,ELmOcOL,2020-09-12,Web,iOS
fpatterson,fTpGuGQjZL,2022-01-15,Desktop,Windows
ellismichael,jHp,2022-12-01,Web,iOS
nathaniel43,MrULEh,2020-10-29,Android,Windows
daniel93,bIqv,2022-02-11,Android,Windows
kelsey19,giJX,2021-08-28,iPhone,iOS
cherylmartin,bMsUoVeLUk,2022-08-28,Web,Android
millereduardo,jaHSjOdRo,2021-04-04,Desktop,Linux
susanarroyo,MCcxe,2020-11-10,iPad,macOS
kleinshannon,KhemTnqP,2024-02-17,iPad,Windows
donald30,UxzBlI,2020-04-28,Android,Android
larryfloyd,YkZ,2021-04-25,Web,macOS
vpineda,VCnBQ,2021-07-26,Desktop,Android
anthony07,kFwZxp,2023-07-08,Android,macOS
ygross,PrQxqc,2020-10-04,iPad,iOS
tina00,ByIaEY,2021-02-07,Desktop,Linux
lisa74,pGebJNi,2022-12-21,iPhone,iOS
collinstaylor,OMPEipfeeR,2021-08-17,Android,Android
megan84,mGcDW,2022-06-06,Desktop,Linux
bellnatalie,wzepgOyiBM,2022-06-02,iPhone,macOS
hreed,ygexJ,2021-11-29,Desktop,Android
carrie71,oCRbPCrgL,2021-09-25,Desktop,Android
timothyberg,oWHku,2023-02-21,Android,Linux
edward76,WIM,2021-08-18,Desktop,Android
jessica42,ZbE,2020-12-25,Web,Windows
lisabradley,AtuBhhw,2020-10-19,Desktop,Windows
nicolelester,noBlaSfOd,2021-11-14,iPad,macOS
currysandra,yyLOgf,2023-07-08,iPhone,Android
ycollins,QFvSKa,2020-11-16,Desktop,Android
miranda32,SdEmitsX,2020-02-11,Android,Linux
hknapp,WqzBTfFC,2023-02-08,Android,Linux
taylorcole,ZpqwHXXPt,2022-01-18,Android,Linux
rebecca69,aBRuiZLpYi,2021-08-06,iPad,Windows
linda33,JFUfmSHXf,2023-02-13,Web,iOS
johnsondavid,IORCHB,2020-08-21,iPad,iOS
guerraelizabeth,zvMOcv,2021-07-26,iPhone,macOS
jasminetaylor,wZgjHZO,2022-10-07,Android,macOS
martha41,TOiv,2020-10-12,iPad,Linux
randallalicia,BddxNcqlan,2024-03-11,iPad,Windows
erikdickerson,Uzkx,2023-12-01,iPad,Windows
ledwards,ESCnSjvTaW,2022-07-30,Web,Android
rhonda97,UfWEAQU,2023-10-20,Desktop,Windows
rebeccamunoz,gPyhMpE,2023-07-14,Desktop,macOS
thompsontiffany,DSUFKQqQk,2023-08-12,Desktop,macOS
stephanie52,dcelLJebj,2022-04-17,Web,iOS
ccampbell,xLRDfOQT,2022-09-11,iPad,iOS
william00,OV,2020-04-02,Android,macOS
istone,BhzJm,2023-02-19,Android,Linux
thomasmoore,IEkHu,2020-05-29,Desktop,Android
michelesmith,bmfcAqfkTy,2021-05-05,Desktop,macOS
jeff32,lSetnC,2023-06-28,iPad,iOS
smithjorge,HZnQuHkaT,2020-09-17,Android,Android
plove,eHSzwHwE,2021-04-04,Desktop,Windows
morrisadam,wyjHFOCdAE,2022-12-14,iPhone,iOS
copelandmary,CafBLAqLHU,2022-12-25,Desktop,Linux
gonzalezwanda,XJSQyNJMV,2022-02-28,iPad,Windows
howellmitchell,ZtnoVLM,2023-05-16,iPad,macOS
joseph69,aSzUFia,2020-06-18,iPhone,Linux
garnermichael,SbgaAkB,2023-10-11,Desktop,iOS
suzannerice,PrQxqc,2020-06-28,iPad,macOS
rebeccachen,Tj,2022-02-16,Desktop,Android
joy01,MCcxe,2022-07-15,iPhone,Linux
cpierce,zaeGUPsms,2021-03-04,iPhone,iOS
gary93,vqVo,2024-03-18,Web,macOS
brandoncopeland,lcREOp,2023-09-03,Android,Android
moniquehuffman,AsXERgSI,2023-12-30,iPad,Linux
ricardo73,KLngg,2023-02-07,Android,Android
yvonne43,Dpz,2020-08-19,Web,iOS
davismadison,Ura,2023-03-10,Desktop,iOS
brandonbarrett,ELhQEsyYH,2022-10-15,iPhone,macOS
cchandler,oJPsF,2022-03-21,iPhone,macOS
katherinerichard,apvZx,2020-03-15,iPhone,macOS
anthonygonzalez,NMMBNQ,2022-10-09,Web,Android
jamescole,PwgQiZerb,2020-11-26,Android,Windows
josepharroyo,uDszfPZZRK,2023-08-13,Web,macOS
friedmankevin,heucqpkdwJ,2023-10-05,Desktop,iOS
fitzpatrickbetty,zwlTTlrnds,2024-01-21,iPad,macOS
estescody,VHZBlA,2021-11-12,Web,Windows
ryan17,deNdcWDMg,2021-11-18,Android,Android
fjones,Qyvi,2020-10-20,iPad,Linux
tiffanyblackwell,ytSl,2020-09-23,Android,macOS
glenfoster,xDIVdLxnj,2023-03-15,Web,iOS
parkschristina,VMhxkqrDw,2023-11-04,iPhone,Windows
micheledavis,lzoEZvY,2022-08-18,iPad,Linux
pmayo,Llp,2024-01-20,Desktop,Windows
pbridges,vLkn,2023-01-07,Desktop,Android
milescharles,blaYzYz,2020-10-09,Web,Android
milescharles,AHm,2020-01-17,iPad,Windows
vincent56,PVvdoyXj,2021-01-11,iPad,Windows
robinsonshelia,nGhkNWuDRL,2021-07-10,iPhone,Linux
desireethomas,Ujx,2023-08-16,Android,macOS
katie48,vdrPadkG,2020-06-08,Desktop,Android
dchaney,VnDiC,2021-03-07,Desktop,Linux
rodgersmark,OnSfWdidL,2023-01-07,Android,Windows
perezbrian,fQd,2020-08-18,Web,Windows
jking,RBVhcw,2023-10-21,iPad,Linux
hunterpriscilla,jiVIw,2022-02-18,Android,Windows
rfreeman,UgCi,2021-09-12,iPhone,Windows
davisjon,hlnSt,2022-07-05,iPad,Windows
robinwatson,yBSYH,2022-01-18,iPhone,iOS
karen25,AQz,2022-02-26,iPhone,macOS
danny12,ZCldbc,2022-07-17,Web,Windows
rogersalexandra,rQWxypF,2022-06-09,iPad,Android
pgarcia,jQBt,2023-08-01,Web,macOS
jasonmccullough,enyWJZR,2022-07-02,iPad,iOS
lindsay47,rPiIYYxmMn,2020-11-12,Android,Android
joshuaanderson,VCnBQ,2022-07-01,iPhone,Linux
curtisdavid,vEEEJFYTgq,2020-08-06,iPhone,Linux
fullersusan,PQly,2023-04-16,Web,Android
isabel90,juSoDNe,2021-01-01,iPad,iOS
georgewalker,gfZE,2021-12-03,iPhone,macOS
kelly14,cZcxXJIQ,2020-09-13,Web,Android
davidjones,NDToRH,2024-01-07,iPhone,Android
alexishale,lpyi,2024-01-02,Android,Linux
juan04,gFY,2022-10-01,Desktop,iOS
maryhughes,CwfCqQrGq,2022-02-08,iPhone,Android
john25,zSIgMs,2023-12-05,Desktop,macOS
carlos04,cTwrLEFoz,2021-03-09,Desktop,Linux
orodriguez,rPiIYYxmMn,2020-03-23,iPad,macOS
ehughes,CFjTi,2022-05-02,Web,iOS
raymondchapman,czE,2021-04-03,iPhone,iOS
reginariley,SLccl,2021-01-11,Desktop,iOS
eric38,mSORjSe,2021-08-22,iPhone,Android
ewingtodd,CwfCqQrGq,2020-05-25,Web,Android
morrowmichael,UvFkHXj,2022-01-01,iPad,Android
barnesroger,gZhOc,2022-09-24,iPhone,macOS
stevensnyder,swuiuHncDQ,2023-06-09,Android,Android
jessicacolon,FHnHsVzTn,2020-06-02,iPhone,iOS
william29,SQL,2023-10-20,iPhone,Windows
michellerussell,aPZhIHlcg,2020-02-21,iPad,Linux
browndaniel,SfPewLY,2022-09-10,iPhone,iOS
taylor23,WD,2020-12-27,Android,macOS
mfleming,VTdQpP,2020-07-15,iPhone,iOS
davidkeith,VPDsSe,2020-05-21,Web,macOS
angelicamorris,nAMIb,2020-09-20,Android,iOS
shellymay,yphQQLH,2024-03-05,Web,Windows
shutchinson,QfsLqLRevS,2021-03-16,Web,Windows
garciamarc,pKObhUn,2023-10-07,Desktop,Windows
helen28,CbkVTAL,2024-03-30,Android,macOS
wprince,DzlAVFYV,2024-02-20,Web,Android
whernandez,olTMiGbFGE,2021-12-12,Desktop,Windows
palmercynthia,fwofZHu,2022-05-31,Web,Android
williamsjames,aJH,2023-05-29,iPad,Windows
rogersclarence,wQkmPOn,2022-05-08,Android,Windows
xfritz,QhnGD,2021-03-22,iPhone,iOS
vsoto,KpTcolfxBd,2020-03-08,Desktop,Linux
ebennett,ZZbEGl,2020-07-22,iPhone,Windows
jason02,GFFU,2021-08-12,Android,Android
leonardsamantha,DeiCv,2021-07-13,Android,Windows
william92,CtTEmDB,2022-11-28,Desktop,Linux
lisabradley,tYkIdd,2020-06-18,Desktop,iOS
travis40,uqFln,2022-12-22,Android,macOS
angeladavidson,aNZPeOOr,2023-09-15,Web,Windows
micheal42,upNDngnU,2021-12-19,Desktop,Android
umartinez,AcgtOWCkTz,2020-07-15,Web,Linux
christopher43,APGz,2021-12-28,Android,Android
eric97,IUmEE,2024-03-04,iPhone,macOS
amcdonald,dDpMrM,2021-08-23,Web,Android
timothy10,aTc,2022-08-08,iPad,Linux
jeremywalters,wMcUfl,2020-01-29,iPhone,Android
courtneyrhodes,chB,2022-01-13,iPhone,Windows
amanda89,QLf,2021-04-10,Android,Windows
rogerslisa,oWr,2024-02-12,Desktop,Windows
stephanie94,mbatgkWy,2021-05-31,iPad,Android
patricia99,YRTzwZJS,2022-09-27,Android,Linux
jeffreywhite,ivtrAZpQ,2022-08-04,Android,Windows
santosandrew,OdKej,2021-04-28,Android,macOS
dean31,nnmvVqVYrm,2020-07-15,iPad,macOS
bowenjesus,tJJjACl,2021-06-21,iPhone,macOS
michaeldavis,UQEMxcbQr,2020-07-18,Desktop,iOS
mollybowers,GezoShuiS,2021-08-20,Desktop,iOS
riveraadam,tmVilpyYYD,2023-12-04,Android,iOS
daniel93,HbbFKT,2021-06-03,iPad,Windows
tpennington,uLrKFkYK,2023-10-13,Android,Android
laura50,QkMJi,2023-05-02,iPad,iOS
nathanwilliams,ctLNdguOU,2020-12-23,Desktop,Windows
christopher79,tehEa,2022-03-05,Web,iOS
zcarlson,oDQfkk,2022-08-08,Web,Android
rhaynes,yCXKGqF,2021-06-23,iPad,Linux
jenna13,umUuqTPOdg,2023-05-12,iPhone,Linux
ramostammy,xClYDP,2023-02-16,Desktop,Windows
rhaynes,mGpm,2021-12-17,iPhone,Linux
daniel89,CkZSP,2022-10-19,Android,Windows
michaelclark,nCvwuStdS,2023-02-16,Web,Linux
cindyharmon,BAlPaj,2023-09-08,iPad,macOS
jordan32,xzzWs,2021-02-26,iPad,Windows
zharrison,puYmFsPYB,2022-11-19,Android,Windows
lewiserin,WNEzccRw,2021-07-10,iPad,iOS
careysamantha,BNLboYIk,2021-04-07,Android,Windows
daniel52,vT,2021-10-14,Web,iOS
susan86,Dwlrdfuh,2021-11-12,Web,Linux
sonyabarnett,rMbpeykdx,2021-11-19,Web,macOS
zgonzalez,UvFkHXj,2022-06-26,Android,iOS
terri52,hUjZhS,2020-09-26,Desktop,Windows
harry87,zJWoloQ,2023-02-28,iPad,Windows
qrush,vLXMkcf,2021-08-29,iPhone,iOS
gonzalezleslie,AUW,2021-03-13,Desktop,Linux
karla62,YzpT,2021-12-08,Web,Android
ginapierce,nODFiggAqR,2022-09-12,iPad,Windows
lisa74,EWnzAEs,2021-05-18,Android,Windows
dwallace,FItzfoV,2022-03-20,iPad,macOS
kaylajacobson,pmm,2021-02-21,Android,macOS
alisonbrown,vlP,2021-11-19,Desktop,Windows
jesus00,VCQpA,2023-06-21,Web,Windows
mariohuber,hwnXxKkniS,2020-01-15,iPhone,iOS
ibarton,nFSmk,2020-11-26,Desktop,Windows
amanda31,uZysqNb,2023-11-03,Web,macOS
clarkjeremy,EGNRki,2021-11-25,iPhone,Windows
salexander,bTjg,2022-06-09,Desktop,Android
silvajill,YYVrqFrb,2021-08-25,Web,Linux
stokestanya,JtVlVvjLd,2022-07-24,Android,macOS
aharrison,RHdbceVLGr,2022-09-27,iPad,Windows
brett47,sPmI,2022-12-09,iPhone,macOS
bclark,wzr,2020-12-12,iPhone,Linux
katie48,fvhHVpn,2023-07-17,iPhone,Android
christopher41,jQiKKgN,2020-07-03,iPad,Windows
michelesims,OtGKFJGnqx,2022-12-08,Web,Android
walterskevin,EedbpdXW,2020-12-23,Desktop,Android
kellysmith,eivgbsGI,2020-05-21,Web,Windows
whitakerbrian,lIhZTCL,2020-01-23,Android,macOS
krivera,kMQG,2020-12-02,Web,Android
gonzalezedwin,zgdEo,2020-09-30,Web,iOS
ricardowhite,NyrakXA,2022-04-03,iPhone,Android
griffinedward,VqpHk,2023-12-16,iPad,Android
matthew15,EYFEjndg,2021-08-10,iPad,Android
brett95,pJpwPbO,2021-03-02,Desktop,Linux
gregory64,LtDcic,2021-02-23,iPad,Windows
jessica81,MO,2022-05-21,iPad,macOS
etaylor,cPo,2023-04-04,Android,macOS
jennifergreen,KbArzG,2023-03-03,Desktop,Linux
qhorne,uLWcdS,2022-06-19,iPad,Android
fostermichael,iuZ,2022-07-13,iPad,Windows
deniseanderson,ekvauCAGOQ,2024-02-06,Web,Android
garnermichael,jaHSjOdRo,2021-02-24,iPhone,Android
nicholaslang,WRj,2021-02-20,Desktop,Android
nbaxter,pSbvg,2023-10-02,Android,iOS
wandagentry,GDOpFSkek,2021-10-15,Android,Android
owilliams,lpQYK,2022-03-25,Desktop,macOS
donaldlarson,AHm,2023-06-07,Web,iOS
scottdavid,KujwWAp,2020-08-12,iPhone,macOS
shawsamuel,LTcImJW,2021-03-13,iPhone,Linux
saramoore,nBIBR,2021-07-22,Web,Android
christopher38,fsryUaMXYf,2023-11-04,iPad,Linux
brittanyzavala,ogfZgz,2023-02-09,iPhone,Windows
elizabeth72,BxKLPsDTz,2021-12-25,Web,Android
larakathy,KxiRQDfJ,2023-10-30,Desktop,Windows
davidcervantes,hjmuzSosFY,2023-12-30,iPhone,Windows
jonathanobrien,NhjrnmL,2021-03-02,Web,Android
cory51,wkFlyizJK,2020-10-25,Web,Linux
dwayne93,cGpvhq,2023-02-03,iPad,macOS
fmontes,qLAUI,2021-03-09,Web,iOS
sestrada,lJxJqJ,2020-01-16,Android,Linux
christine96,kIECyjBq,2021-02-18,iPad,Windows
jennifergreen,AybnPOLvoS,2023-06-24,Web,iOS
tinanelson,mjRJuN,2020-01-07,iPad,Windows
shortjeffrey,QX,2020-05-21,iPad,Linux
randycox,wGpZq,2020-05-26,iPhone,Android
brian51,CndNHAtk,2023-10-09,Android,Android
brittanyjensen,CCO,2023-04-16,Desktop,Linux
rhonda97,mtqjgKWP,2020-06-10,iPhone,Linux
steven18,phAVWpn,2021-06-04,Android,Windows
vfisher,fXUwwYQiy,2020-12-09,Android,Linux
qjohnson,dMy,2022-12-18,iPhone,Android
amber76,QiQYfWs,2023-11-30,Desktop,Android
spencerjames,HTeEoYwBDM,2021-09-23,Android,iOS
grahamsamuel,gpCFGVqdF,2021-04-05,Android,Linux
grahamsamuel,LcbPviK,2021-11-19,Web,iOS
chelseawright,fnREFKj,2021-08-02,Android,macOS
xkeller,IfEmTD,2023-11-04,Web,macOS
rogerslisa,ATnkbNC,2023-04-06,iPhone,macOS
margaretbrown,RiMvCKZUM,2020-11-27,iPad,iOS
kelli56,PSZEMN,2023-12-01,iPhone,iOS
aprilhill,wUnjTO,2022-11-23,Web,Linux
ortizandrew,GowmWWaUOi,2020-03-24,iPad,iOS
maryhughes,qljr,2023-02-07,iPhone,macOS
vincent24,RZhrZ,2021-07-17,Android,Linux
paulbrown,gldxmW,2021-04-29,Web,Linux
kimberlycollins,LCephW,2024-02-07,iPad,macOS
erik62,mghws,2022-08-28,iPhone,iOS
gfrank,QqAIkQyx,2024-03-27,iPad,Windows
danajohnson,DFCxFthsO,2020-11-21,iPad,iOS
bakercraig,rbjHJF,2022-08-06,iPhone,macOS
schneiderleah,XWVJO,2024-02-02,iPhone,Windows
xleblanc,ELhQEsyYH,2020-07-19,Web,Windows
james07,ESl,2023-02-03,Android,Android
hamiltonchristine,KrlNBmJO,2020-09-21,Android,Windows
ricky40,FlPE,2020-01-23,iPhone,Linux
wwheeler,tcA,2020-05-10,iPhone,Linux
stewartsteven,kcfii,2023-09-16,iPad,iOS
james98,yaEqoxYFd,2023-09-16,iPhone,macOS
marcusmcdonald,CsnuqXNPa,2022-12-08,Desktop,Android
michaelwilliams,BpVIQJh,2021-10-18,iPhone,macOS
halljeffrey,QTocWWD,2022-04-05,iPad,Linux
crawfordmichele,JqvEWDD,2021-07-23,Android,Android
grossjames,Mkasg,2020-12-25,Desktop,Android
tkim,xMlMT,2023-10-04,Web,Windows
ibailey,SkiInJpu,2022-08-04,iPad,Windows
nacevedo,TIkWHSY,2022-12-11,Android,Android
martinlaura,aUHy,2021-11-08,Android,Linux
sophia13,XMILvERs,2020-02-27,Web,iOS
nathanielsalas,QlSEXGA,2024-03-25,iPad,macOS
castillojackie,khUdPbCS,2024-02-02,iPhone,macOS
mejiachristopher,LrEikxeIGt,2020-07-18,Desktop,Windows
gonzalezsteven,nTiabIk,2022-11-28,Android,Linux
williamscharles,IPCtLQWP,2022-04-19,iPhone,macOS
jacob93,WzNyW,2020-08-28,iPhone,macOS
mark89,pl,2024-03-30,iPad,macOS
uwiggins,AlLyZJO,2022-04-05,Web,Windows
carol82,mhG,2023-06-26,Web,Windows
davidsonbrandon,qbCx,2024-03-23,iPhone,macOS
robertgamble,CbkVTAL,2021-12-14,iPad,Linux
maryhawkins,KnQOBmC,2021-10-06,Android,Android
cassandra25,HfT,2024-01-11,Android,Linux
rbrown,jUzXxzZPy,2021-08-17,iPhone,Windows
kennethclarke,qswtC,2024-02-12,Desktop,Windows
gabriel89,MyvbaYMmm,2023-07-15,Desktop,iOS
asimmons,uAda,2022-11-05,iPad,Linux
devinvasquez,xHrPdMIK,2020-07-05,iPad,macOS
daniel54,FIXVkGLCoi,2023-05-23,Android,Android
cassandra01,NYVtPUFArw,2020-07-28,iPhone,Android
lucasjulian,gbIrrRO,2024-02-17,Web,Windows
alanwilliams,neTdaFeKv,2020-12-20,Android,Android
stonejohn,sTPFuAzLv,2023-01-02,Web,Linux
grayjeffrey,bDjxnQ,2023-08-23,iPad,Windows
toddwilson,WRnbQzFMa,2021-07-17,iPhone,Linux
austinsawyer,isE,2021-01-13,iPad,macOS
thompsondaniel,yidWt,2024-03-31,iPad,iOS
johnsonjesse,HMsknW,2020-08-19,iPad,macOS
ricardo54,bRo,2021-06-24,Desktop,Windows
jennifercoleman,ShTrj,2022-03-02,Android,Windows
donald90,SDbglt,2020-05-31,iPad,Windows
qrosales,TZukWHi,2022-05-18,iPhone,Android
hullmichelle,UjCUFUE,2023-06-01,Web,Linux
perezangela,IHSBtW,2021-11-05,Desktop,Windows
cantuelizabeth,uAwRV,2020-04-12,Web,Android
paulbrown,Hhw,2023-11-12,Web,Linux
vbaldwin,qjXV,2023-02-11,iPhone,macOS
hwilson,AcwOwQ,2023-12-17,Web,iOS
kmitchell,MXV,2020-09-15,Android,iOS
williammorris,osVAJlwPOO,2023-03-23,Desktop,Linux
ymanning,IcSBKJGEG,2020-08-18,Desktop,Android
dschaefer,NhlEFvdT,2023-03-18,Web,Linux
richardrobinson,wcCZGGQmEC,2020-12-08,iPad,macOS
awilson,JXSRpuykBz,2022-12-13,iPhone,Windows
emilytorres,LuopzNruJt,2020-09-07,iPad,Windows
ryu,vWEF,2022-03-06,iPad,Android
jacquelinedudley,KJRHdjcjp,2020-03-11,iPhone,Windows
vcarson,fsryUaMXYf,2023-08-15,Web,Android
nguyenchristine,syPvwtVvh,2020-02-21,Web,macOS
johnsondenise,TEOA,2020-09-28,Android,macOS
andrea29,QxuV,2022-12-01,Web,Android
hectortaylor,laZDET,2024-04-09,iPad,macOS
sotokristin,LVJV,2021-03-04,iPhone,Linux
sroberts,mYtQwiOtlK,2022-12-19,Web,macOS
raymond23,DxZPmFjIrP,2023-05-27,Desktop,macOS
rebecca69,pQSqLz,2021-12-11,iPad,macOS
patricia05,PSZEMN,2022-10-06,Web,Windows
charles17,AZE,2023-01-22,iPhone,Linux
cynthia28,dogn,2020-12-06,iPhone,iOS
brittanycameron,esBTqNUR,2020-02-27,iPhone,macOS
dominguezkenneth,MlFgnLYl,2020-01-27,Android,Linux
uclark,YAxd,2023-05-12,Web,iOS
morrisonhannah,gwQA,2022-12-12,iPhone,Windows
bartlettsuzanne,tNNtUDm,2022-06-28,iPad,macOS
amanning,tQJ,2021-04-08,iPad,Linux
victoria68,aWTYAoD,2023-01-25,Desktop,macOS
navery,vNSqKNoquT,2020-01-15,Desktop,macOS
craig02,nhKT,2024-03-29,Android,Android
garciajames,LtmzrlrAdW,2022-08-24,iPad,macOS
smithanna,ojCfIFjCzW,2021-05-08,iPhone,Linux
matthew99,uuerHS,2020-06-10,Web,Android
kellerzachary,HewsE,2021-10-11,Desktop,iOS
edwardsamber,DS,2022-01-29,Web,Android
cheryldawson,hkExY,2021-12-27,Web,macOS
michaelmartin,KExAimSCHA,2023-03-23,iPhone,macOS
gordonmorrow,bMsUoVeLUk,2020-02-03,Desktop,Linux
leachjeffrey,AkOltdd,2020-09-12,iPad,Linux
lambdanielle,LvzVz,2021-05-31,Web,Windows
brett85,IKS,2023-06-01,Web,Linux
christinakim,iRmVefxl,2020-10-20,Desktop,macOS
crawfordjames,qAMlxW,2023-06-13,iPad,Windows
tiffanykelly,EvZPZMfzq,2021-01-21,iPhone,Windows
michael36,OKnM,2024-02-07,Web,iOS
rachelking,fuDdk,2023-12-22,Desktop,iOS
yturner,wcYWxaJt,2021-01-31,iPhone,Windows
pray,gucsvMz,2020-12-14,Web,Android
richardsdean,GLMd,2024-03-16,Desktop,iOS
davislisa,vUpanBaIWX,2022-05-17,Android,Windows
kleinshannon,LbiG,2021-04-26,iPad,Linux
yharrison,MoZrYNh,2020-05-25,iPhone,Android
singhluis,WblNEFP,2022-04-06,Android,macOS
kingrobin,FlPE,2020-11-06,iPhone,Windows
patricklutz,ZEkhgDbXik,2021-04-16,iPad,iOS
khernandez,NfQM,2022-06-22,iPad,Android
tking,WueboAu,2020-02-11,Web,Android
jeffreywhite,JxbMO,2023-02-28,Android,iOS
brittney22,WyQ,2021-02-14,iPad,macOS
zmoore,dKdyYYfX,2020-07-17,Desktop,iOS
madison52,VwkiN,2023-10-02,iPhone,macOS
pcamacho,neV,2020-05-11,Android,macOS
kelliehall,rMbpeykdx,2022-09-23,Android,iOS
estokes,gxsi,2020-10-06,Android,iOS
alyssapayne,PTlCmQbkG,2024-01-06,Web,macOS
jlopez,ZtRoFnZm,2023-03-14,Android,Android
htaylor,aMjN,2022-10-26,iPhone,iOS
sarahlivingston,VQTrFL,2023-08-20,Android,Android
thicks,JyCuyRDfa,2020-03-11,Web,Windows
ezuniga,ectdQNeW,2023-10-23,Desktop,Linux
daniel89,SPdK,2022-12-25,Desktop,Linux
chadwinters,BumgoRYTJ,2020-05-22,Web,macOS
johnny71,hbVNlaHb,2020-12-07,Web,iOS
fmontgomery,HYGlIwW,2024-02-14,iPhone,Linux
fmckinney,sxMOSgVJrc,2024-02-14,iPad,Windows
jennifer64,JRjI,2021-08-13,Desktop,Android
hudsonkimberly,nycnoYB,2021-11-04,iPhone,macOS
kmartinez,ATD,2022-06-08,Android,macOS
robert23,vliCMJozV,2023-01-08,Desktop,iOS
james12,EvZPZMfzq,2022-11-26,Web,Windows
kennethlevy,kHimE,2022-12-26,iPhone,Linux
karencontreras,Dpz,2022-10-20,iPhone,iOS
gilbertsandra,zyHKFh,2023-05-13,Web,iOS
bruce98,VB,2022-08-26,Web,macOS
brentpena,kdsm,2021-06-22,iPad,iOS
sonyabarnett,ByINoJjQ,2021-04-07,iPhone,Android
jonesveronica,EdVua,2023-02-28,Android,macOS
wilkersonjessica,gxImCOjq,2021-03-26,Android,iOS
antonio60,GNxgjPrGpP,2023-08-13,Web,Windows
rbrown,JmVamgXI,2022-07-06,Web,Windows
debramcdonald,ZSONCXJ,2021-01-24,Android,Windows
morrischristopher,aX,2023-04-17,Android,Android
perryjohn,vLhkfXcx,2020-03-20,Android,macOS
sarah82,nIcJd,2021-01-17,Web,macOS
lopezjames,BSvPNfL,2022-10-02,Android,Linux
stephen32,lpyi,2023-05-27,Android,Android
hocory,zwlTTlrnds,2020-12-31,Android,Windows
vramirez,rfxgwbQRF,2022-10-15,Desktop,Windows
sarah76,KzB,2022-04-08,Web,Linux
doughertyelizabeth,NM,2021-02-03,Android,iOS
garnerjacob,IhjpwTlq,2020-10-22,iPhone,Linux
joseph39,slXi,2024-03-22,iPad,Linux
reneecochran,vNSqKNoquT,2020-10-09,iPad,macOS
laura37,IoecqJMgY,2023-01-25,iPad,Linux
lisaklein,ONl,2023-04-28,Web,Linux
shellymay,jsKGWp,2024-03-25,Android,Android
joseph35,MUJ,2022-12-06,Desktop,Linux
darren46,QzLVXcsnrn,2022-05-19,Desktop,Android
mollybrown,sSJ,2021-09-08,Web,iOS
daviskevin,dAbIVqNH,2024-04-05,iPhone,Windows
kromero,UOacNVRa,2021-04-22,iPhone,Windows
jamesgomez,OHRTq,2022-11-22,Desktop,Windows
christinakim,lzHonKiO,2021-11-11,iPhone,macOS
gwhite,laZDET,2020-11-09,iPad,Android
nicolemartin,wM,2021-08-04,Desktop,Linux
margaret85,YkZ,2021-12-12,Android,macOS
mdennis,KCkiJBTQQS,2022-09-27,Android,macOS
vjohns,kcGlozOO,2020-07-27,iPad,macOS
ephillips,nVN,2023-12-13,iPad,iOS
courtney22,IhWsSIaE,2021-02-22,iPhone,Linux
johnsonkimberly,sOc,2020-11-15,iPad,Linux
angeladavidson,lU,2024-01-31,iPad,Android
alexandra40,mrRcCLB,2020-04-24,Desktop,macOS
jason54,KYslVMYq,2020-11-20,Android,iOS
hallkyle,Cntz,2021-04-23,Desktop,Windows
valerie03,XWi,2021-09-01,Desktop,macOS
pierceconnie,TiRSmQjr,2023-04-19,iPhone,iOS
cindyharmon,vbuA,2023-05-22,iPhone,Linux
jonesbrett,HLhRQO,2022-09-06,Desktop,Windows
umartinez,hUjZhS,2023-06-26,Web,iOS
fbutler,AIiejpqnD,2022-12-01,iPad,iOS
johnfox,WrUNGxBZP,2021-11-11,iPhone,Windows
davidshepard,PQfBNvEMIl,2021-07-24,iPhone,iOS
aguilaralyssa,rXKcC,2022-07-14,Android,Linux
zgarrett,QLf,2022-09-28,iPhone,iOS
brodriguez,ejiQclg,2023-05-30,iPhone,Windows
zmiller,DCrkbJpNoi,2020-10-21,Desktop,Android
abigail61,TRVT,2021-01-07,Web,macOS
wmorris,StzvrAN,2022-06-15,iPad,Linux
vbrown,xkyFKLf,2021-01-24,iPad,iOS
gina97,kWbPLcsKT,2023-07-17,iPhone,macOS
karen26,dECW,2020-02-10,iPad,iOS
ericdaniels,ngjE,2021-11-12,Android,Linux
qrandall,nJGsL,2021-04-13,Desktop,Windows
wprince,oDvGo,2023-03-28,iPhone,Linux
caitlinpowers,ci,2023-07-21,Desktop,iOS
castillojackie,jIkhFeQv,2021-11-09,Android,Windows
fsandoval,NgwC,2023-02-16,Desktop,Windows
jamesrogers,VANKuN,2020-11-05,Web,Linux
shawsamuel,rmNIPpkw,2020-04-15,Desktop,Linux
kelly01,HXDn,2021-07-16,Web,Linux
mariajohnson,jC,2022-08-18,Web,Android
mendozanina,qswtC,2024-03-18,Web,Android
theresakoch,LPtkRVCJ,2021-01-07,Web,Android
jason02,BRfhosTBdX,2023-05-25,Web,Windows
tammy17,MbyQam,2020-02-12,Android,Windows
riggseric,xVACLHFeuj,2020-08-06,Desktop,Android
kingdeborah,IlMZhpzw,2023-04-07,iPad,iOS
whitejanice,CyZ,2023-12-03,iPad,Android
mooredaniel,mYtQwiOtlK,2021-09-19,Android,macOS
fgraham,XgocmAEnd,2023-03-08,Web,Linux
jacqueline62,IXyyf,2021-06-14,Web,Android
bwilliams,WRk,2021-03-04,Desktop,macOS
hallnicole,IXyyf,2020-11-16,iPhone,Windows
xdurham,oZhxHJ,2021-10-16,iPad,macOS
costamichael,EXfxuI,2020-05-15,Web,Android
munozanthony,Wlwhw,2021-06-23,Desktop,macOS
johnsonbarry,uwZmMM,2023-07-21,Desktop,Windows
gbaker,OyebPEN,2023-03-28,Desktop,Windows
rhonda97,BjGrMTlo,2020-09-06,Android,Windows
allison04,ETQIUfj,2023-09-29,Android,Android
martinezann,FtCQQ,2020-01-18,iPhone,macOS
uwiggins,wYRiVYj,2020-12-26,iPad,Linux
kgilbert,jVysQyvF,2020-05-23,iPad,Windows
ithomas,iIlLtrJe,2022-11-21,Desktop,macOS
allisonbryce,VhHynSvb,2021-03-13,Web,Linux
melissamiller,HZXgwVGmMV,2021-05-14,iPhone,iOS
loveangela,NTsvrl,2020-07-05,Desktop,Windows
rmann,qO,2021-01-07,Web,Linux
carlos61,SxRhMD,2020-09-06,Desktop,Linux
donna02,ti,2021-11-17,Desktop,macOS
benjamin05,GhkaNmeO,2021-04-28,Desktop,iOS
angela54,qpLBmkwc,2024-02-09,Web,macOS
brad23,shdlyNuq,2022-11-28,iPhone,macOS
mirandagoodman,myEsLbaeb,2020-10-21,iPad,Android
robert00,liZJHZSME,2022-07-09,iPad,Linux
pierceconnie,OV,2021-01-15,Desktop,iOS
lopezanthony,xPy,2024-02-27,iPad,macOS
carrie00,YHerb,2023-03-30,Android,iOS
jeremiah92,Bfzc,2023-10-29,iPad,iOS
shannoneric,ykuZLjPW,2022-06-01,iPhone,iOS
nelsonstacy,sDeHcIBcH,2022-04-03,iPad,macOS
kwatkins,IzeO,2021-07-11,iPad,Windows
morenomartin,elloH,2022-01-16,Android,Windows
davidjones,soKs,2023-05-23,iPad,Android
kimberlyochoa,rPzigcfjW,2022-09-12,iPhone,Android
klara,iDbG,2021-08-03,iPhone,macOS
carlos04,WjcI,2022-03-08,Web,Windows
michaeldavis,cmSBIF,2021-08-11,Web,macOS
brenda15,RYExDV,2023-11-21,Web,iOS
anitasmith,gmsKu,2021-05-28,iPhone,Windows
douglas33,gIseiKNC,2021-09-12,Web,Linux
ezuniga,pJZ,2021-09-07,Web,Windows
jordanmichael,YzYY,2022-05-23,Desktop,Windows
ustone,bHKXiyy,2023-08-19,iPhone,macOS
nfisher,BrbOIiN,2022-12-26,iPhone,iOS
eolson,bedLSaDdxY,2022-06-14,iPhone,Android
raymondlong,SaDrxcpr,2021-06-18,iPhone,Linux
elizabeth72,Ijp,2022-12-28,iPhone,Android
porternicole,CEq,2024-02-14,Web,Windows
andrewreilly,neV,2021-06-12,Desktop,Android
danielle88,NZinNO,2023-05-07,Web,iOS
wowen,AGrTtc,2020-12-10,iPad,Windows
jimmy81,CFjTi,2020-05-19,Android,iOS
santosjacob,RhTVvQQiWc,2023-02-09,Web,Linux
alexandra41,KNI,2022-06-12,iPhone,Android
mcdonaldbriana,PuKdf,2020-12-26,Desktop,Windows
kristina07,zwlTTlrnds,2023-04-30,iPad,Linux
vanessa13,JThZKcxBnc,2023-01-22,Web,Windows
lauriegomez,YqsKiwToMV,2024-03-06,Android,Linux
jennifer62,VRvU,2022-02-24,Android,Android
eric38,ZLAKlUrNsa,2020-11-20,Desktop,Windows
jdavis,BQcT,2020-05-22,Desktop,macOS
mcdanieltammy,TeprLu,2024-01-17,Desktop,iOS
smcfarland,pKObhUn,2020-01-07,Android,iOS
terri33,Vrp,2022-04-12,iPad,Android
richardlong,ARnToy,2023-08-07,iPad,Linux
ssanchez,gsebkIr,2021-09-23,Desktop,Windows
williamsmichael,finZMYPP,2020-03-04,Web,Windows
danielswilliam,ecfoSqQvV,2021-09-28,Desktop,Android
maureenalvarez,vpowZoWj,2021-10-10,iPad,Windows
catherinekelly,bBcKjZO,2021-08-19,Android,Android
margaret25,tjUvYjvG,2022-05-07,Web,Windows
amanda73,KLq,2023-02-15,Desktop,macOS
hammondmatthew,eDvtsfUW,2022-09-14,Android,Windows
isabel96,JZOI,2023-08-01,Web,Windows
qbarber,NtjrY,2023-01-26,iPad,Android
ghuang,odHnxPL,2022-08-20,Desktop,Windows
rgrant,csdMRfiE,2024-03-20,iPhone,Android
dpeterson,RrdEdN,2022-08-24,Android,Windows
ystewart,vFsSY,2023-11-30,iPad,iOS
ogonzalez,miNAQUY,2021-09-18,iPhone,macOS
schmidtmark,bGfYWXJ,2021-04-17,Web,iOS
bryangarcia,YNgpVE,2021-02-11,Desktop,macOS
nunezjennifer,DTk,2022-09-25,iPhone,Android
parsonstonya,hbrxxLu,2022-05-18,Web,iOS
gmartin,Dpz,2023-10-06,Desktop,macOS
dennis36,DiKAc,2022-09-19,Web,Windows
holtmelinda,nnmvVqVYrm,2021-07-27,Web,Android
benjamin18,KYe,2022-03-07,Android,Linux
khannicholas,kTQGd,2021-11-07,iPhone,iOS
emaldonado,KS,2022-07-16,Android,Linux
michellebutler,VrIrMUq,2021-07-10,iPhone,Windows
reedjoshua,jfzVKye,2023-03-18,iPad,iOS
ubaker,ScHXpTX,2021-07-14,Web,Linux
pfreeman,zDJfjINfah,2020-07-08,iPad,Android
perezangela,kJhNVdt,2020-03-14,iPhone,Windows
tracy97,Xkx,2022-07-25,Android,macOS
gabriellee,OMPEipfeeR,2021-03-22,iPad,Linux
rhondahernandez,ccVeCake,2021-05-30,iPad,Android
jack58,afCFtHlS,2021-09-19,Desktop,iOS
jody31,fhJ,2020-10-09,Android,macOS
dcollins,vZMGe,2022-07-31,Web,Android
richardschmitt,nkpV,2023-09-27,iPad,Windows
michaelgabriel,vfC,2020-12-17,iPad,iOS
janice67,YITFBfwIqt,2020-10-17,Web,iOS
bsmith,zZWSaJYYc,2022-06-23,iPhone,Windows
sarahmartin,bSaeHpAT,2023-02-20,Desktop,Windows
ricardowhite,WrVfO,2024-04-10,Web,Windows
daniel54,TUWsC,2020-01-22,iPad,iOS
melissa43,KG,2020-01-22,iPhone,Linux
mccalllori,fvXU,2023-11-09,Web,Android
gilmorejack,obRK,2020-02-26,iPad,Linux
hillmichael,TTfgoqRGYM,2021-10-18,Android,Windows
bettythomas,MbMRxQz,2020-07-18,Android,Windows
wwalsh,fclmqW,2021-12-17,iPhone,Windows
catherinebarnett,dcelLJebj,2021-11-05,Web,macOS
edward06,JJhOhyeSL,2023-02-12,Desktop,macOS
pittmantonya,HewsE,2022-09-15,iPad,Android
moralesmelissa,uEAwQ,2024-02-15,iPhone,macOS
luismurphy,CQabauPSd,2020-05-02,Android,iOS
alexandra91,GNxgjPrGpP,2021-07-19,iPhone,iOS
seancox,IUmEE,2021-03-16,Web,Linux
maciasrachel,PQVFf,2020-11-25,iPhone,macOS
christopher55,mESyno,2023-01-07,Desktop,Android
dianemathis,FsPAK,2021-09-16,Web,iOS
brandon12,KruUqws,2023-01-15,Android,Linux
kromero,FDaTMzzuy,2020-01-07,Desktop,Linux
edwardsamber,mTkHFkm,2023-02-19,Web,Android
brettweiss,ycbyLTAdbI,2023-12-22,Web,iOS
baileykatie,VrNmWTCCa,2021-09-08,Web,Windows
marquezbrandon,TukNZgff,2021-04-22,Desktop,Windows
rholmes,ISyktz,2020-12-09,Web,Windows
erintorres,SwrobCbu,2024-04-06,iPhone,iOS
jacobsonmichelle,MmpolDCp,2021-04-05,Android,Linux
mcdonaldkimberly,rNSal,2020-11-07,iPad,macOS
rweiss,OE,2021-06-06,Android,iOS
madams,kCUfV,2023-04-12,iPhone,Windows
devinvasquez,XyhwyKC,2021-11-21,iPhone,Android
tpowell,tPEdIVT,2023-12-01,iPhone,Android
uchristensen,NYPVVDz,2021-02-12,Web,Linux
reneewoods,vfdadYTR,2020-06-12,Desktop,iOS
crawfordjoseph,sZsjxhvUlL,2023-04-30,iPad,Android
hendersonjason,wfbbUE,2022-08-24,Desktop,iOS
trevor32,jQBt,2023-11-12,iPad,Linux
lucerochristopher,NtinJTp,2020-11-20,iPhone,Windows
tricia98,iEI,2023-01-02,Desktop,iOS
xbuck,hUIFwZK,2021-08-18,Android,Windows
rogerslisa,OLLzHP,2023-04-17,iPhone,Android
devinvasquez,zrtPEHpGF,2022-06-22,Web,Windows
alijustin,YntFXqm,2023-03-24,Web,Linux
davidedwards,kfnMUfyMk,2022-05-28,iPhone,iOS
vtorres,MoSDlNh,2020-07-13,Android,Linux
vjohnson,sYwRXWV,2023-07-15,Web,macOS
brettweiss,ytSl,2021-07-06,iPhone,macOS
gary63,vqTmI,2023-09-05,iPad,Windows
daniel65,UvTEg,2020-05-06,Web,Linux
ebony12,CxN,2020-02-11,Web,Android
sandra87,dPzzDQuxa,2020-09-28,Desktop,Android
ygutierrez,imtMRI,2022-04-15,iPhone,Windows
baileyrichard,NerPX,2022-10-23,iPhone,Android
jonesbrett,mZvMyc,2024-01-30,iPhone,Windows
thomas75,IubeeuzWJf,2023-12-04,Web,Linux
browndiane,QQCygss,2024-01-07,Android,Android
mike75,JKQc,2023-12-27,Web,Linux
alexanderbarrett,SKC,2021-04-25,Desktop,Linux
robincarroll,nrVZCWT,2023-12-24,Desktop,Windows
ericjones,XQyYFVKfs,2020-12-29,Android,Android
christopherreed,MmaNWU,2021-10-18,Web,macOS
andreaadams,EUFrcvfBg,2023-09-28,Web,Windows
zstark,JoyPppIv,2023-02-25,Web,macOS
fgarcia,uLrKFkYK,2022-01-23,iPad,iOS
amanda07,tWTVOcky,2023-03-02,Android,iOS
juarezmelody,HewsE,2020-02-21,Desktop,Linux
panthony,QhOgQc,2020-03-08,iPhone,Android
rhunter,BNLboYIk,2021-05-18,Desktop,Windows
uharrington,TyC,2022-03-31,iPad,Linux
ecooper,heWL,2022-07-08,Web,Linux
jasonrivera,wFKc,2022-05-24,Desktop,Android
camposjennifer,QtrquLrh,2021-10-03,iPad,iOS
lhart,BNLboYIk,2020-02-13,Web,macOS
michaelpeterson,UbooT,2024-03-20,Web,iOS
rogersvanessa,qdsKJVEbI,2023-02-19,iPhone,Windows
faguilar,FuRdiflIUp,2020-03-02,iPhone,Android
meganjames,mhcHEDWJ,2022-08-04,Desktop,Android
bjenkins,WKuI,2023-02-03,iPhone,Android
hunttanya,zsuiIj,2022-08-02,Desktop,Linux
hendersonhannah,SOKl,2020-10-31,Web,iOS
smithjeff,mDlSCssdF,2020-12-27,Web,macOS
singhkristen,wOaovMjQZI,2023-04-03,iPad,Linux
kimberlyphelps,TdgFTXKeG,2024-02-16,iPhone,Windows
john33,lttQ,2023-01-09,iPad,iOS
autumn68,fnBL,2022-12-11,Web,Linux
brandon57,wirLbntoEP,2023-05-27,Desktop,macOS
thomasjames,PPPtpk,2020-11-10,Android,Linux
linda15,FECqJ,2021-01-15,Web,Linux
vmartinez,oWmHG,2022-05-22,Desktop,Android
xleblanc,GQSak,2022-07-15,iPad,Linux
angelahall,Zwgx,2021-07-28,iPhone,iOS
diana97,pOQaX,2020-02-10,iPhone,macOS
rosejoseph,pbAWn,2022-05-06,iPhone,macOS
clarkemichael,UvFkHXj,2021-08-18,Android,Windows
nfisher,iIS,2021-07-28,Desktop,Android
lopezjane,qbwIYCby,2023-03-12,Android,iOS
seancox,aWTYAoD,2023-03-29,iPhone,Android
hughessandra,UIQKfa,2020-06-19,Web,Windows
ygutierrez,ggi,2022-08-15,Android,Windows
hmcgrath,ETdhYLjdRi,2022-11-05,Android,iOS
cpierce,SxRhMD,2022-11-06,Desktop,Windows
chadroberts,CzyecW,2022-08-07,Android,macOS
timothy68,ftPUtsNdut,2021-04-26,Desktop,Linux
dadams,qYK,2021-08-21,Desktop,iOS
weaverjennifer,fOYYdcQC,2020-11-12,iPad,Linux
wilsonbarbara,WUF,2021-07-02,Desktop,macOS
zunderwood,AwpSO,2020-08-07,Desktop,Linux
dcox,JtVlVvjLd,2023-02-03,iPad,macOS
plove,ulS,2021-05-11,iPhone,Linux
stevensonjennifer,wNmYxrRVR,2023-05-26,iPad,iOS
julie83,SrALveHat,2020-03-22,iPhone,Android
smithjeff,NUgjtLz,2022-10-06,Android,Android
gabriel89,fbuyEuwtId,2020-12-16,Android,Android
donald30,JTzmRa,2023-01-14,Android,iOS
matthewramirez,hULjXlzG,2023-08-08,iPhone,Android
oscar60,mZvMyc,2021-05-27,Android,Linux
stevenellison,smWdXt,2023-01-17,Android,macOS
nvega,TQ,2022-07-30,Web,iOS
lflores,tt,2024-03-21,Android,iOS
kimberly87,ByIaEY,2022-04-27,iPad,Linux
kaufmanangela,HvFblTmtn,2022-03-11,iPhone,iOS
jose76,IvngJV,2020-08-03,Android,macOS
gking,jIkhFeQv,2023-12-30,iPad,Linux
owenslori,zjXOufKHEi,2020-09-12,iPhone,iOS
mparker,ebAA,2020-05-26,Web,Android
nelsondaniel,WIM,2024-01-23,iPad,Windows
richardevans,bOiqOqiW,2023-02-13,Desktop,macOS
alanford,ze,2023-11-18,iPhone,Android
rasmussenkenneth,eWI,2020-06-16,iPhone,Linux
susan57,wFHENFbWE,2020-03-22,iPhone,iOS
johnsondavid,kfnMUfyMk,2023-08-13,iPad,Android
colliersarah,UKN,2021-03-31,Web,iOS
mmeyer,tPAGTEE,2022-08-27,iPhone,macOS
thompsonscott,vgaLFOLqZz,2021-06-25,Desktop,macOS
amanda31,ucK,2023-07-15,Web,macOS
brittanyjensen,cZBwtBp,2020-11-10,iPhone,Windows
jcarter,FJJtiG,2020-09-18,Web,Android
hendersonhannah,oncZw,2022-05-13,Android,Linux
contreraswillie,mhG,2021-01-17,iPad,iOS
hannahwilliams,IwBJGaICY,2023-03-07,iPhone,macOS
htaylor,aqaCGoawWR,2020-06-04,Desktop,macOS
mcbridebrenda,KikL,2022-03-12,Web,Linux
cgilbert,YipgR,2021-09-28,Desktop,iOS
omar88,vFsSY,2023-04-28,Web,Windows
michaelgutierrez,VfgugyKO,2020-04-27,iPad,Windows
snowkristopher,vwKPt,2020-02-23,Web,Linux
courtney22,HdqSKFb,2022-12-16,Web,Linux
vcarson,XuziEI,2023-12-25,Android,Linux
ashleyunderwood,xysijTKD,2020-10-08,Android,Linux
bford,mWBOooz,2020-04-05,Desktop,Linux
lsmith,LTcImJW,2021-11-14,Web,macOS
douglas24,lpQYK,2022-01-18,Web,Linux
michaelford,gKLZe,2021-08-28,Web,macOS
briannathompson,jy,2021-06-14,iPad,Windows
petersonmisty,EG,2021-04-19,iPad,macOS
ubartlett,SWoRQ,2021-10-08,Desktop,Android
jason58,QUFZFhrR,2021-12-31,Android,iOS
nrose,hnsGVvvqgQ,2022-04-02,iPad,iOS
cookbonnie,geyP,2022-12-02,Android,Android
vgill,vPDv,2023-02-28,Android,Android
jessicapeck,wJkwPUVuFs,2021-09-23,iPad,iOS
abradley,JTzmRa,2020-04-08,Android,macOS
reneecochran,wzSZk,2021-08-13,Web,Linux
crystalmccarthy,WKuI,2020-10-31,Desktop,iOS
smithsarah,WrUNGxBZP,2024-02-11,iPad,iOS
davidfry,IvYrpklhA,2022-07-02,iPhone,iOS
catherinebarnett,ApG,2024-02-08,Desktop,Linux
jordanmichael,mKKZCKqPeW,2022-11-28,Desktop,macOS
joel06,WrAYzFnUT,2023-12-20,iPad,Android
codywarner,xCsfcQUoa,2022-06-07,Desktop,macOS
michael54,nwNVpTy,2020-02-17,Web,Windows
reynoldskatherine,GpieprlAx,2021-05-05,iPad,Android
williammason,kICthC,2020-12-29,Desktop,iOS
lesliejohnson,bIqv,2020-05-26,Desktop,iOS
brian51,grOcvpcyP,2021-05-17,iPad,macOS
gonzalezwanda,CIaowrDWF,2021-10-24,Web,Android
fkelley,CrWkoN,2023-06-10,iPhone,Linux
mosslisa,FpJDXb,2021-02-10,iPhone,Linux
timothy80,qBlzV,2020-12-15,iPhone,Windows
jaimelittle,YqTWDdZpVM,2022-08-09,Web,macOS
yharrison,LdeTNFPd,2022-05-14,iPad,iOS
joshua73,oi,2020-07-22,iPhone,Windows
timothy27,aAsRFzP,2020-02-19,Android,Windows
krivera,bSaeHpAT,2022-05-18,iPad,Android
alex52,Wlwhw,2021-02-19,Desktop,macOS
vgibson,RuR,2021-09-27,iPad,Linux
michellerussell,gzPCzUNhfb,2023-05-13,Android,iOS
ramirezdeborah,afCFtHlS,2022-01-25,iPad,Linux
brandon57,QVyJvFMkw,2022-05-16,Android,macOS
mcook,HwqzbxXieU,2022-02-01,Android,Android
jessicawilliams,aTc,2022-09-11,Web,Android
alexanderkaitlyn,htfP,2023-06-26,Desktop,iOS
rboyd,OnSfWdidL,2022-09-15,Desktop,macOS
helen28,MxaZSGAQYR,2023-06-28,Android,Linux
kenneth23,rhVvxt,2021-04-01,iPad,Android
xhart,QAA,2020-04-26,iPhone,Linux
vincent24,JNxdHJMDqD,2023-12-16,iPhone,macOS
emilyburns,yrCh,2023-10-04,Desktop,macOS
villamaria,woqXf,2021-03-15,iPhone,Android
audrey55,MdlCaAl,2023-11-01,iPad,Android
joseph35,BjXhURjcJN,2023-04-18,Web,iOS
gbaker,yopn,2021-07-27,Android,Android
barnesroger,hzszJ,2023-05-21,Desktop,Windows
jonathantaylor,DS,2020-02-05,Desktop,Android
watsonkevin,Uj,2023-01-31,Web,macOS
ycamacho,DiUqWHFi,2021-11-29,Desktop,Linux
lstein,hjUsEJ,2020-06-23,iPhone,macOS
qhendricks,QGY,2022-05-14,Web,iOS
hocory,rNSal,2023-04-23,iPad,iOS
joseph47,XCoAbsTOf,2021-10-21,Desktop,Linux
faguilar,ioGbKpJ,2022-01-05,Android,Windows
bonniedeleon,SPgMblNc,2020-08-09,Web,Windows
brownsara,tcpENqZp,2021-06-09,Web,Linux
rharmon,GIAwTqrk,2023-10-26,Web,Windows
qhendricks,JFNSAgtqby,2022-08-08,Android,Linux
dsnyder,ATnkbNC,2022-11-28,iPad,Windows
zachary31,TW,2020-05-11,Android,iOS
willislinda,ToJtPA,2022-04-20,Desktop,iOS
leesteven,jg,2023-10-18,Desktop,iOS
ocooper,qPCfYy,2022-04-03,iPhone,Android
michael31,PSbXNLA,2023-02-05,Android,Android
uspencer,CwAaC,2020-02-13,iPad,macOS
hannah71,bI,2023-03-11,Android,iOS
zacharycarrillo,vpTgLe,2020-11-06,Desktop,macOS
lmurray,KujwWAp,2022-03-01,iPad,Linux
sloanshelley,QLmFQ,2023-12-12,iPhone,Linux
cainmichelle,uuerHS,2024-01-17,Android,Android
bclark,gFY,2021-10-18,iPhone,macOS
cameron31,Fb,2022-04-05,Web,Windows
brandy77,vfJilg,2022-08-15,Web,Linux
jennifer30,WgpOQChHsL,2020-03-21,Web,Windows
craig82,ROySW,2020-11-28,Web,macOS
umorse,OvdzUPcThp,2023-01-21,iPad,Android
jesusschneider,frklph,2020-10-20,iPad,Android
hartmary,ULwdZlc,2024-03-07,Web,macOS
amandavelasquez,APEpAFGO,2021-12-25,Web,Windows
ubranch,iaDLr,2020-11-16,iPad,Linux
nicole73,jWpzB,2021-08-19,Web,Android
ffisher,EvLfJd,2022-05-30,iPhone,Windows
kerryschneider,Uzkx,2022-08-12,Web,Windows
holtmelinda,AJwGqymbUw,2023-04-23,Desktop,Android
thomas46,mQZF,2020-01-17,iPad,Android
codywarner,jslnyts,2023-05-04,Web,Android
kimberlyphelps,QoZxLE,2021-04-09,Desktop,Linux
christopher77,SZnvXAQxMY,2021-06-06,Web,Linux
ojimenez,bB,2021-06-05,iPad,Linux
kurt14,cHfLn,2023-03-28,Web,Android
dwong,CXR,2022-04-20,iPhone,Windows
brandonbrown,Ooirhbs,2020-05-03,iPad,Windows
cbell,GnQiLCSv,2024-02-10,Android,macOS
gonzalezyolanda,YvvRXqp,2020-04-16,Desktop,macOS
karencontreras,OWWAHUHUXP,2021-12-21,Web,Windows
billyreynolds,UpGOC,2023-10-28,iPad,Windows
edwinpatterson,Zeu,2021-03-02,Web,macOS
debra73,mWBOooz,2021-04-08,iPhone,Android
brenda20,Zxudpt,2021-02-13,iPhone,Linux
paulsandoval,lolWKsR,2020-07-23,iPhone,Android
alexsmith,OvNQ,2022-12-11,iPad,macOS
ian19,uvJpFwpZ,2023-03-27,iPad,Android
riverabrandon,Oxvx,2022-05-10,Desktop,Android
xnelson,bedLSaDdxY,2022-07-29,Web,Android
muellerjoshua,gyglXTi,2022-11-24,Desktop,Windows
gmitchell,irKxU,2023-05-14,iPad,iOS
susan57,QfsLqLRevS,2020-12-08,iPhone,iOS
sgregory,ngyzeRf,2022-01-12,Web,Windows
foxkarina,GFIibUToil,2020-05-12,Web,Linux
timothy27,pQEan,2022-08-07,iPad,Windows
janice67,DFCxFthsO,2023-03-05,Web,macOS
brian33,MTHOa,2023-12-07,Desktop,Linux
amanda90,OUp,2021-10-06,iPad,Linux
timothy88,IoecqJMgY,2023-08-22,Desktop,macOS
uwhite,QD,2020-05-24,iPhone,macOS
ingramdennis,eAv,2020-08-02,iPad,Windows
shannonguerra,oepzDbJ,2020-12-26,Desktop,Android
snowkristopher,bCrQHlCLNu,2022-08-06,Web,Android
lee31,rQWxypF,2023-04-24,Web,Linux
bonniedeleon,sxXDCYguTF,2023-09-20,Web,iOS
lynchkevin,SPgMblNc,2023-11-12,Desktop,iOS
medinajohn,lgWKZ,2024-01-14,iPad,Android
rjordan,UQNYahqkWZ,2020-01-26,Web,Linux
roberthumphrey,XxHY,2022-03-29,Desktop,Android
hernandeztrevor,rEvzuTa,2020-06-21,Android,macOS
teresa74,aMv,2023-12-06,iPad,Android
holtmelinda,LArMANLJk,2021-11-30,iPhone,iOS
ramosrebecca,IiUMzVAtvr,2020-04-16,iPhone,Android
sanchezmatthew,gsebkIr,2024-01-02,Web,macOS
fkelley,YFUGUs,2022-07-02,iPad,macOS
hgonzalez,IvYrpklhA,2023-03-15,Android,iOS
omarmorse,zE,2020-06-03,Web,macOS
alane,wLR,2023-09-29,Web,iOS
tashachambers,SuBQw,2022-03-23,iPhone,macOS
christopherfrazier,LPyvUUyCh,2022-12-27,Android,macOS
samuelalexander,WtZk,2021-04-03,Desktop,Android
yperez,SPfxILd,2020-11-10,iPad,iOS
sandersen,TTEr,2021-09-21,Android,macOS
michaelevans,XgGjjtVNLV,2021-11-25,iPhone,Android
alyssacollins,RUcTIkFOY,2021-02-08,Desktop,Android
huntererin,rvvYIoeLG,2020-12-29,Desktop,Android
xmaxwell,hwxFhPCm,2021-06-19,iPad,Linux
lisarobbins,XToADrF,2023-12-16,Android,macOS
kjones,RrdEdN,2023-03-27,Desktop,macOS
xhernandez,Rz,2024-04-04,iPhone,Android
vcruz,QlIGngvP,2020-07-21,Android,Linux
jmitchell,rhVvxt,2023-10-01,Web,iOS
xschwartz,zcfchMfSg,2020-09-20,Web,macOS
jbrown,MmpolDCp,2022-01-18,Desktop,Windows
lynchgilbert,uDszfPZZRK,2023-06-28,iPad,Windows
bowmankeith,YNgpVE,2021-12-13,Desktop,macOS
shawngolden,vTkvw,2022-04-27,iPhone,Linux
thomasandrew,sRfxBnLCB,2023-06-10,Desktop,macOS
pwilson,MCousUVH,2022-10-30,Web,Android
oweaver,QhOgQc,2021-06-04,iPhone,Windows
walkerkristin,fQbzfpd,2021-07-31,iPad,Windows
samanthagriffith,qZW,2021-07-22,Android,iOS
ozuniga,WVQVDKc,2022-11-29,Android,iOS
traceypaul,UAH,2022-10-13,Web,Windows
wesley33,enyWJZR,2021-10-08,Desktop,Linux
castillojackie,zzoBMTu,2021-07-11,Android,iOS
kingkenneth,SWPzDI,2020-12-03,Desktop,macOS
pbrown,dpRk,2023-02-12,Web,Windows
cynthia10,nSbI,2020-10-16,Android,Linux
adamsrichard,YqviDY,2022-11-19,Web,Linux
shawlisa,KbkjX,2022-06-16,Android,Android
uhernandez,ClAKiIz,2023-03-27,Android,Android
erin72,TyC,2024-04-05,iPad,macOS
kaylarichard,LZFJZwR,2023-01-08,Android,Windows
alexander13,xNJr,2021-10-31,iPhone,iOS
cgarcia,eMpq,2020-10-31,iPhone,macOS
jacobseric,DFnVerkoD,2023-08-05,iPad,Linux
zmcpherson,ebmOV,2022-08-09,Web,iOS
carlosreynolds,tQJ,2021-09-04,iPad,macOS
matthew17,etTlYAUMot,2022-08-28,Web,Android
martinkyle,OqU,2022-03-31,Web,macOS
simmonssteven,Ura,2024-01-21,Web,Windows
lance10,xCNFxpmPFu,2020-05-01,Desktop,Windows
prattchristopher,RdRPrMzJC,2020-01-23,iPad,Linux
adam07,qehfDFlAiT,2023-11-05,iPhone,macOS
dennis51,iYnOjnY,2022-11-25,iPad,macOS
bsanchez,Gct,2024-01-29,iPhone,Linux
cody56,ASzP,2023-01-27,iPhone,macOS
ystewart,JzwzthE,2022-12-11,Android,Windows
garciatheresa,BtmGRFcCdy,2022-07-20,Desktop,iOS
blackelizabeth,EvLfJd,2023-01-10,Desktop,Windows
brownroberto,nMulruxpuB,2022-09-21,Web,macOS
xmurphy,QkMJi,2021-04-21,Web,Android
marvin14,xHrPdMIK,2020-10-05,Web,Linux
daniel08,SK,2020-05-09,Android,Android
careydawn,nxPN,2024-02-01,Desktop,macOS
crystal49,WGtY,2023-05-08,Desktop,Windows
maria11,BmZXyKsP,2020-02-22,Web,Android
jose76,MopYiFyN,2020-12-06,Desktop,Windows
donnalong,VBZSBWRct,2023-11-04,Android,Linux
rebecca69,eQ,2023-07-22,Desktop,iOS
phamsheila,mYzvEdmraf,2021-06-08,iPad,Android
fernandezbrooke,McH,2021-05-04,Web,Windows
jerry32,gJWnP,2022-07-04,Web,macOS
orodriguez,cbklEAs,2020-12-21,Android,macOS
nancywong,uVxZ,2021-02-03,Desktop,macOS
andersonruth,DHTkEdU,2021-02-19,Desktop,Windows
shannonsharp,MlFgnLYl,2023-06-10,iPhone,Android
rdowns,McH,2020-08-28,Desktop,Android
salazarjamie,lgWKZ,2023-06-27,Android,Android
richardevans,spoQ,2022-10-03,iPad,Windows
nicolecortez,zqPJr,2024-03-25,Web,iOS
zstark,dAbIVqNH,2022-08-19,iPhone,macOS
francisyolanda,sJs,2022-06-03,iPad,macOS
bethwalker,lttQ,2020-07-16,Web,Windows
stevengomez,jhSfTIz,2021-06-16,Android,Linux
jesse86,NpxKRFXU,2023-04-08,Web,Android
crystalmills,QOuKHNockt,2021-12-06,Android,Windows
paulshepherd,kYD,2023-05-10,Desktop,iOS
johnny14,DsiuOY,2020-01-18,Web,macOS
cynthiacarter,UWr,2020-08-18,Web,Linux
edward85,IUaUgFBid,2023-10-07,iPhone,iOS
racheldaniel,lLWfMLR,2024-04-06,Web,Android
turnerbradley,WouSVp,2024-01-18,iPad,macOS
yyoder,Ujy,2023-05-15,iPhone,Linux
smithjorge,kPlsPO,2021-08-17,Desktop,Linux
silvajill,UoqBRrA,2020-09-01,Desktop,iOS
zsmith,EsBqCZCl,2024-02-01,Web,macOS
brownroy,HbbFKT,2024-01-12,iPad,Windows
jray,vGtuacVin,2021-11-30,Android,macOS
cherylmartin,ztDLB,2020-06-26,Android,iOS
christopher77,BOcH,2024-04-02,iPad,iOS
nelsonstacy,tHwpN,2021-12-14,iPad,Windows
gregoryhayden,ovxTRTblJJ,2022-12-22,Desktop,macOS
jonesmary,YpCxhZ,2023-04-05,Desktop,Linux
miguelcarr,HwqzbxXieU,2024-04-06,Android,Linux
campbellstephanie,vTNJrM,2023-05-02,iPhone,Linux
kevin00,QYtgCh,2021-03-06,iPad,Android
martinezkevin,ETdhYLjdRi,2020-03-22,Desktop,iOS
vprice,xwqZcJyCds,2023-04-14,iPad,iOS
michealanderson,WCQfqpZwX,2023-12-28,Desktop,Linux
brandi20,PUEBPhUo,2021-03-24,Desktop,Android
albertpruitt,SSHYQZwJpp,2022-08-09,Android,Linux
erik62,xdgZXgpGs,2021-07-11,Web,Android
christopher27,NVuDbObY,2023-05-16,iPad,Android
scottvillanueva,NhlEFvdT,2020-08-03,Web,Android
cheryljohnson,loDbGWcIf,2020-03-30,Android,iOS
bmoreno,KflRQ,2020-12-08,Web,iOS
glindsey,YHerb,2022-06-20,Android,Windows
ycamacho,YNPKcuxnCl,2022-09-01,iPad,macOS
aprilcook,MeFAixVUh,2021-04-18,iPhone,Linux
weaverchristina,deUnMfsixh,2022-10-19,Desktop,Linux
carrmichelle,rlCUoPMNCe,2021-12-05,Desktop,iOS
daniel30,hbrxxLu,2022-01-14,Web,Windows
james98,BnKXEKY,2024-01-10,iPad,Windows
ahudson,gRSFuFoyr,2020-11-02,iPhone,Linux
eharmon,NhlEFvdT,2023-02-08,Web,Android
elizabeth72,EYFEjndg,2021-08-21,Android,Android
katherine15,NdjwzK,2022-02-21,Desktop,Linux
olee,etVTuPHzg,2020-03-31,iPhone,Linux
dlambert,YGgrnZlXQF,2021-10-10,Desktop,iOS
gomezcameron,YIYR,2022-05-30,Android,iOS
laura50,gnFExzm,2020-12-27,Android,macOS
oholmes,RiPBuJiMn,2022-11-24,iPad,macOS
steven53,gbWkl,2023-07-26,Web,Linux
michelle83,oepzDbJ,2023-08-04,Android,iOS
martinlaura,UpGOC,2020-01-29,iPad,iOS
ojimenez,mmZBIc,2021-09-30,Android,iOS
wjones,MLetNOlqCV,2020-12-17,iPhone,iOS
joshuaanderson,HLsaaARR,2022-02-27,Desktop,iOS
andressantana,jERHD,2023-05-06,iPad,macOS
fgraham,yYbZ,2022-09-01,iPhone,macOS
brianawells,fyHcYvyUU,2021-06-12,Android,iOS
davisrichard,QeKp,2023-04-29,iPhone,macOS
cunninghambeth,idnONLG,2024-02-26,Android,Android
ian19,CJrCTxR,2021-08-24,iPhone,Linux
moorecraig,oiBsZv,2022-06-27,iPad,Windows
sarahburton,doBRiFpRae,2024-04-08,Desktop,Windows
sarah82,ShBTFZS,2023-05-22,Android,Linux
justin56,QQEq,2022-01-13,Web,iOS
tiffanykelly,otwFlbyi,2020-03-03,Desktop,Windows
ashley81,UM,2022-03-18,Android,iOS
iortega,QZf,2021-10-03,Desktop,Linux
donnalong,se,2021-02-05,Web,macOS
vsoto,pcYwHF,2021-03-19,Desktop,Windows
gwest,SqAoBjZaNM,2020-10-08,iPhone,macOS
pattersonalan,Bet,2021-04-01,iPhone,Windows
nleonard,Xm,2021-12-30,Web,Windows
alan42,ijlgG,2023-02-14,Android,Android
morrislisa,Bet,2021-06-06,iPad,macOS
howelldenise,TpAFv,2020-06-20,iPhone,macOS
matthew50,JHOm,2023-06-30,Desktop,macOS
jose72,EcwRzbmwu,2020-04-02,Web,macOS
kingdeborah,AynTF,2021-04-14,Android,Android
djohnson,ipQJRqDbt,2020-01-02,iPhone,Linux
lisa33,FjaADNHr,2020-09-23,Web,Windows
hillkatrina,GQSak,2020-12-13,iPhone,Windows
aweaver,ciCmplYX,2020-02-22,iPhone,Windows
gregorytorres,rkL,2022-12-11,iPhone,Linux
brandon83,isyUJ,2020-02-29,Desktop,Windows
nward,Rfsl,2023-01-02,Desktop,Android
daviserin,acxGC,2021-10-22,Android,iOS
awalker,qPEqHdb,2023-09-16,iPhone,Windows
derek28,aJH,2020-06-29,iPhone,iOS
davisrussell,eOiYmN,2024-01-06,Android,Android
vsalinas,nyarKbrX,2024-03-19,iPad,Windows
dwood,DUiArpNn,2023-07-17,Desktop,Linux
janetpadilla,vgqK,2023-12-30,Web,macOS
tiffany94,ZCldbc,2024-02-02,Web,iOS
johndavis,XcMgc,2021-06-29,Desktop,iOS
nunezerika,qqLhVaZjY,2020-07-21,iPad,iOS
alan42,jVxjYQyyI,2021-05-07,Desktop,Android
russellsharon,YGnQzseb,2020-07-26,Web,Linux
corymcbride,tYkIdd,2021-09-11,iPad,Android
ubranch,xErbVyFVf,2020-04-21,Desktop,macOS
floresfrederick,jPKcrmYE,2022-05-09,Desktop,Android
fjackson,POIjlgjRz,2022-09-19,Android,Linux
vwebb,swSBClgKb,2024-02-05,Android,macOS
efischer,zlmj,2021-10-27,Web,iOS
brianjohnson,WGPenDFZD,2023-12-18,Desktop,Linux
cherylmoore,hjmuzSosFY,2020-08-06,Android,macOS
harrisashlee,BrWgLd,2020-12-26,Android,Android
iortega,UVWlp,2024-01-30,Android,iOS
alexa38,DTN,2023-01-21,iPad,iOS
david49,uFzEjqx,2020-09-13,Web,Windows
smithbrandon,XZAuyKNUmP,2023-07-11,Web,Windows
anne43,cAeRvRe,2022-04-28,Web,macOS
kharper,bFlVTGAqb,2023-07-30,iPad,macOS
brad23,euzyx,2020-09-10,Web,Linux
karencampbell,Cntz,2022-09-16,Android,Linux
brian89,LGNKqMTR,2020-02-09,Android,iOS
obrewer,myEsLbaeb,2023-10-31,Desktop,iOS
deanwong,zE,2020-04-08,Web,macOS
harold31,edEMxVUrbu,2021-11-09,Web,Linux
careysamantha,dMRpXMsAt,2022-03-30,Desktop,Linux
alicemarsh,eDvtsfUW,2022-01-05,iPhone,iOS
tyler68,GRXYFogabU,2020-04-05,Desktop,iOS
clawrence,zMAN,2021-01-16,Web,Android
victoria33,ikFmdgCFNK,2022-08-03,iPhone,Windows
rebecca47,kiZ,2021-02-25,iPhone,Windows
npearson,Kkd,2020-02-20,iPhone,Windows
theresafletcher,tiZcaZ,2024-01-05,iPad,Windows
oclements,HLNeZo,2024-02-03,Web,macOS
kathysullivan,oQhCruuI,2021-09-10,Web,Linux
wacosta,puYmFsPYB,2020-09-09,Desktop,macOS
charles84,DGCOhPNOoz,2023-11-01,Web,iOS
adam07,zqPJr,2021-10-08,Android,Linux
csmith,QZf,2020-12-26,Desktop,iOS
hernandezjasmin,kIPui,2021-04-08,Desktop,macOS
michelle61,chJ,2024-01-08,iPad,iOS
cherylmartin,kFwZxp,2022-01-16,Desktop,Android
lewisteresa,pnApETeUjf,2021-09-26,Web,iOS
troberson,aJ,2023-09-06,Web,iOS
jennifer26,db,2021-03-01,Web,macOS
alexmclean,rfxgwbQRF,2023-10-22,iPad,Linux
barbarasanchez,vlP,2021-12-31,iPhone,Windows
bbowers,wcCZGGQmEC,2021-09-14,Desktop,Windows
halljeffrey,dxs,2022-09-15,iPhone,Windows
kevin16,LMcqZ,2022-09-21,Web,Windows
mchandler,mIAYR,2024-01-25,Web,Android
schmittjoshua,BZIZYPhk,2022-11-01,Android,Android
kyle38,sYqzbd,2023-07-10,Android,Android
werickson,SUindz,2021-04-26,Desktop,Linux
robertgamble,VnDiC,2023-11-07,iPad,Windows
dadams,yHO,2021-11-20,Web,Android
haroldtucker,LMNc,2021-07-29,Web,Linux
phillipsashley,iSELGNFwsX,2021-12-03,Web,Linux
ymcneil,YqviDY,2022-05-03,iPad,macOS
rhodespaula,enyWJZR,2021-06-26,Web,Android
ayalaamanda,aBY,2022-09-03,iPhone,Windows
nbaxter,MQEiBqBvkg,2020-06-18,iPad,Windows
ostewart,VOwWqlIJY,2022-11-01,iPhone,Windows
dwood,mIAYR,2020-02-14,iPad,macOS
isanders,QgKykCyj,2020-03-29,Android,Windows
whitakerbrian,pCNeq,2020-03-21,iPhone,Windows
nicole34,nuYfNU,2023-10-14,Android,iOS
sarah25,gewnHBe,2021-05-06,iPhone,macOS
wmarsh,dfyNDmwH,2022-06-19,iPad,iOS
johnsonsonya,qlTi,2020-08-19,Android,Linux
carterantonio,RHOwSx,2022-02-19,iPad,Linux
karenmercado,LPyvUUyCh,2023-03-17,Android,iOS
alice51,kgqOwXBA,2024-03-30,Desktop,iOS
sbaker,mGcDW,2023-03-04,Desktop,Linux
bestcody,HlBurib,2022-05-26,Web,Linux
summerdawson,YMYYVU,2020-02-29,Android,iOS
thomas75,THpxP,2021-09-27,iPhone,Android
lynchgilbert,JhfrrmC,2022-07-07,Web,Windows
kmitchell,uvfrSJE,2020-05-05,iPhone,Linux
matthewramirez,vUL,2021-07-08,iPad,Windows
misty73,BmeEPz,2021-05-09,iPhone,Windows
dannybennett,uSbwsvUD,2020-11-12,Android,Linux
jeffery58,FmIhfW,2022-12-22,Android,Windows
mcintyrejames,uvQVLiF,2021-03-06,iPhone,iOS
perkinsconnie,Rz,2021-11-23,Android,Windows
anthony81,dLNeSIwdOC,2023-01-18,iPad,Linux
monica55,RLVu,2021-01-10,Android,Windows
williammorris,zQYxdawlu,2020-08-09,iPad,iOS
woodjustin,WgpOQChHsL,2021-08-15,Android,Android
zmcpherson,XjBQJ,2021-05-21,iPad,Windows
rebecca47,qXlzKMZ,2020-08-02,Android,Linux
elizabethperez,WjcI,2021-11-16,iPhone,macOS
davidbell,ZpqwHXXPt,2020-11-07,iPad,iOS
dsingh,ld,2021-10-04,Web,Linux
avilathomas,AqD,2020-11-01,iPad,Linux
kingdeborah,yzviWVA,2022-05-27,Desktop,Linux
benderalyssa,PuKdf,2022-09-07,Web,macOS
leahwilkerson,HNOxoBJfn,2021-09-24,iPhone,Windows
reesekimberly,rzpFuEtV,2023-01-15,Android,Windows
meganjames,TXKi,2021-09-23,iPhone,iOS
ujackson,QVVrzfwa,2021-01-12,Android,Android
jacqueline44,nQDWVIlwiA,2022-09-21,Web,iOS
rhonda97,nFocvhKe,2021-11-19,iPad,macOS
jessicaorozco,ixHjm,2022-08-08,Android,Android
maldonadoraymond,flIylthdHN,2023-04-17,Desktop,Android
melendezjacob,fyIaJVZld,2022-09-26,Web,Android
sgreene,JTzmRa,2020-06-19,iPad,Windows
thomasflynn,ceFcKxgoL,2023-12-16,iPad,iOS
smithjorge,zJPAVBdpo,2021-07-06,iPad,Android
rmcmillan,kexRcnqal,2022-05-10,Android,iOS
carlahunt,uvjX,2021-11-20,iPad,Windows
jeremywalters,fvVN,2020-12-02,iPhone,Android
miranda32,LMsAKzz,2024-02-25,Desktop,Android
timothy73,nxAX,2021-05-04,Android,iOS
dsmith,yhgqLxER,2023-06-07,Web,macOS
cnelson,pAF,2022-05-11,iPad,Windows
dburke,ZBazw,2023-06-11,Android,iOS
qcooper,aISpBKJxVN,2023-12-09,Android,Android
rhart,hbVNlaHb,2020-10-23,iPad,Windows
uwilson,gTOv,2022-06-04,Web,Android
michelle39,DImNm,2021-07-11,Web,Linux
robertogriffith,GnQiLCSv,2023-10-28,Desktop,Windows
katherine69,Ura,2024-02-09,Web,iOS
hgonzalez,NMMBNQ,2020-12-14,Desktop,Windows
jsullivan,idwzQufMvH,2024-02-10,iPhone,Windows
tricia98,rCnHa,2022-06-20,Desktop,macOS
melissa35,WBJa,2021-09-12,iPhone,Windows
zachary79,evQXYo,2021-03-08,iPad,Android
gregory02,BfoOExwRQL,2021-09-06,iPhone,Android
morenomartin,HYq,2020-04-23,iPad,Windows
nlewis,BkRo,2023-10-20,Android,iOS
maddoxjerry,vI,2023-04-12,Web,Android
jill53,CsCjctLCJ,2021-02-08,Android,Windows
wthomas,AGrTtc,2021-12-19,iPhone,Android
andrea65,cZcxXJIQ,2020-12-18,Web,Linux
robertburns,kox,2023-05-21,Desktop,macOS
jerry37,ojCfIFjCzW,2021-01-10,Desktop,iOS
susan61,TtUacqKKt,2023-05-11,iPhone,Windows
gregoryfranklin,pbcjoMS,2023-10-10,iPad,Android
brianna28,LVJV,2021-06-30,iPad,macOS
schneiderleah,eDKgzQjSf,2020-07-20,Desktop,Windows
kevin71,vfJilg,2021-06-05,Desktop,Linux
allenmark,jJhVGCW,2022-07-16,iPad,Android
andrew47,zDJfjINfah,2020-07-02,iPad,Linux
aliciasmith,zhwWIv,2022-10-04,iPad,macOS
norrisjennifer,wkFlyizJK,2023-12-24,Desktop,Android
john06,HvFblTmtn,2022-10-09,iPhone,iOS
stuartstark,csFKLauzV,2023-03-25,iPhone,Windows
ashlee38,tHthAWw,2023-05-17,Android,Android
cynthiagutierrez,qljr,2020-11-22,iPad,Linux
charles88,MO,2021-04-19,Android,iOS
marvin14,pqKK,2022-08-21,iPhone,Linux
xmoore,boUugSKuEL,2021-10-14,Android,Windows
wacosta,kVVFsYTCE,2022-03-01,Web,iOS
angelahall,XmJogCPhUc,2020-09-29,Desktop,Android
iyoung,wCs,2022-01-09,iPad,Linux
logan21,zFVpJrH,2020-10-27,Android,macOS
marquezrobert,tXnnb,2022-10-22,Desktop,Android
htaylor,vVatHcNiz,2020-11-22,iPhone,iOS
katherinemartinez,namrXv,2021-08-07,iPhone,Linux
qscott,fasXneGjG,2024-04-04,Android,iOS
brookequinn,MvnnFGc,2021-07-30,Desktop,macOS
kevans,oAq,2021-11-23,iPhone,macOS
richardedwards,rQWxypF,2023-04-16,Android,iOS
lesliestevens,vgqK,2021-11-02,Web,macOS
williammorris,cLgrBWthgZ,2023-03-28,Desktop,macOS
crystal49,AjN,2020-04-11,Android,macOS
oaustin,hUjZhS,2023-12-08,iPhone,iOS
amccarty,wZnv,2020-09-15,Android,macOS
landrade,TpIhJIy,2023-05-23,iPhone,Linux
nlewis,EgvYs,2020-01-11,iPad,Android
daniel08,Fag,2020-08-11,Web,Android
vsoto,SDAxM,2021-02-06,iPhone,Windows
karen07,jddgnDN,2020-04-14,iPad,Linux
dillonwatkins,fAYu,2023-01-25,Desktop,Linux
derrick40,Mkasg,2022-06-23,Web,macOS
prattamy,sYwRXWV,2020-08-12,Android,macOS
progers,ze,2022-04-22,iPad,Android
jennifercervantes,frZBXpeFju,2024-01-31,iPhone,Android
samuelalexander,MQEiBqBvkg,2022-07-29,iPad,iOS
gary93,pzebmgSJHZ,2023-10-08,iPhone,Android
hallmichele,IJ,2023-09-28,Android,iOS
millereduardo,LWPJS,2024-01-15,iPhone,Linux
jrichards,kKKfG,2023-07-22,iPhone,iOS
cstephens,ikoALJIEI,2021-10-05,iPhone,macOS
rhodespaula,sWQnxpbP,2021-10-01,iPad,Android
cynthia10,fcqrQyUlt,2022-05-23,iPad,Windows
bbennett,jPWuuDr,2023-09-11,iPhone,iOS
ashley81,jk,2024-03-28,iPhone,iOS
longgerald,rCnHa,2020-05-30,Android,Linux
luis16,cTziepM,2023-07-31,Android,macOS
matthewleonard,db,2020-08-06,Desktop,Android
harrispeter,wIrIi,2023-01-12,iPad,iOS
spencebrett,ngXSG,2024-02-29,Web,Android
rclark,kxJTSBuM,2022-12-02,Desktop,Windows
shannonmorales,nhlFMMO,2020-05-07,Web,iOS
jessicacolon,PVvdoyXj,2021-04-08,iPhone,Android
changpatrick,SzfOzbWHm,2023-07-05,iPad,Android
wflowers,GxWyTNwcKU,2022-01-21,iPhone,iOS
meagan12,TnSzyf,2020-12-27,iPhone,iOS
zhill,PWxLy,2020-09-22,iPad,Linux
johnsonbrandy,Ppgpv,2024-01-13,Web,Linux
martha41,zI,2021-01-26,Android,iOS
larry22,ejPBrdpkcA,2023-12-30,Desktop,Windows
xhernandez,QpoCif,2022-04-03,Web,iOS
alicia48,goOiw,2021-08-30,iPad,macOS
ekelley,pCRvebD,2021-12-19,Desktop,Android
nicole87,ae,2021-05-14,Android,iOS
dwayne81,leb,2020-11-06,Desktop,Android
nochoa,ZXrl,2022-10-14,iPhone,macOS
alecramirez,XtxYeIatQ,2020-12-04,Android,macOS
maciasrachel,uyVSV,2021-01-24,Desktop,iOS
brittanycameron,KsgtkaYy,2021-06-08,Desktop,macOS
edwardbailey,sWfDfg,2022-06-24,iPad,Linux
howellmitchell,BIiG,2023-12-10,Desktop,macOS
johnsondebra,YL,2021-02-24,iPhone,Linux
christopherkelley,eaeiRIng,2020-06-12,iPhone,Android
meganespinoza,GhK,2021-04-18,Web,Linux
donnarose,zpCZ,2021-01-25,Web,macOS
riversphillip,Tv,2021-01-12,Desktop,Linux
jason02,iBTTOVEsh,2021-07-26,Android,Android
hunter92,zELEY,2020-02-22,iPhone,macOS
gabrielle91,dECW,2021-05-31,Web,macOS
vhernandez,KikL,2023-06-10,Web,Windows
isaiah59,uSPFtSo,2023-05-07,iPad,Windows
tiffany47,hgg,2020-11-21,Web,Linux
nathaniel43,QEQyLmO,2020-09-12,Web,Linux
allisonsuzanne,EyMdL,2020-12-30,Android,macOS
kelly12,yidWt,2022-09-23,iPhone,Android
natalie50,SVRP,2021-06-22,Android,macOS
johnsonmatthew,FDxS,2022-12-17,Web,Windows
mstrong,udFi,2021-08-29,Desktop,iOS
vboyle,hjFZnqn,2022-11-10,iPad,Linux
kingdeborah,nVLwEghxv,2021-02-05,Android,iOS
nicolepacheco,NBws,2023-12-12,Desktop,Windows
zmcpherson,NEa,2023-04-23,Android,Linux
melissa15,omLYn,2020-05-31,Desktop,Windows
umckay,Zqxp,2022-02-09,Web,Windows
gregorytorres,kWOhgJWp,2020-01-10,iPhone,iOS
kevin75,yIHFKONt,2023-08-28,Android,Android
ashleycarter,BEoWPxa,2020-07-07,Desktop,macOS
pricelucas,QTGeOvUyQ,2021-10-29,iPad,Windows
moorebarry,SUindz,2020-02-04,Android,Android
sheppardtammy,kFNhdkLaaS,2020-12-26,Web,Windows
karina19,aKkTLRks,2021-07-29,Desktop,iOS
shays,DwS,2021-08-31,iPhone,Android
ljenkins,cioproGGLD,2023-03-12,Desktop,macOS
swilson,oKRNI,2020-04-09,Android,iOS
obaker,rFZodmkOZ,2021-09-03,iPad,Linux
vmartinez,YWigCLexx,2023-09-11,Web,Android
pageadam,WRk,2022-09-19,Desktop,Linux
kelly91,qQofKBJ,2024-02-08,Web,macOS
josephmueller,TUMnjnpzR,2021-07-26,iPad,Android
jillian63,qB,2021-07-02,Desktop,Linux
lesliejohnson,Gutn,2023-02-21,Desktop,macOS
vhernandez,eNFn,2023-09-18,iPhone,iOS
bradleypope,Offw,2020-08-14,Android,iOS
tasha68,mdDYRcZu,2022-10-02,Desktop,Linux
kingsharon,TbF,2021-08-30,iPhone,Windows
obullock,oXQGeIAPWc,2023-05-09,iPhone,Android
csantana,cZBwtBp,2021-07-31,iPad,iOS
cassandra25,OAFwHrKDMG,2024-01-20,iPhone,Linux
lawrenceenglish,iKXWYzdAIe,2022-06-18,iPad,iOS
leegabriel,PTlCmQbkG,2021-01-10,iPad,macOS
erintorres,yCRLMXUfh,2021-11-07,Web,Android
jose53,XyhwyKC,2020-11-21,iPhone,Android
dunlapgail,BpVIQJh,2023-05-28,iPhone,Windows
ashleyallen,YntFXqm,2021-08-18,Android,iOS
ebony12,Kkn,2022-05-15,iPhone,iOS
matthewmiller,FKdGbyx,2024-03-09,Android,macOS
robert75,AfBbeWIubD,2022-07-22,Android,Linux
dmcintosh,mhcHEDWJ,2023-05-25,Web,Android
leonardkatherine,ymcCWRbL,2022-07-28,iPhone,Windows
tarabenson,UYkIWyIuK,2021-07-24,Android,Windows
bbullock,qdqp,2022-02-23,Android,iOS
traceyshelton,EyMdL,2023-07-06,iPhone,macOS
cynthiaenglish,VrIrMUq,2022-10-25,iPhone,Android
karenpierce,OyebPEN,2020-12-23,iPhone,Windows
ejohnson,vmGWG,2022-09-28,Web,macOS
kennethshannon,JZVGq,2020-06-15,Android,macOS
ijohnson,idtn,2020-10-12,Desktop,Android
amanda90,isDZqRdgj,2023-05-22,Web,Windows
anitasmith,dbBOaVjAF,2022-11-26,iPhone,macOS
andreagreene,YMYYVU,2023-01-10,iPhone,Android
denise02,aIPMLHJ,2023-01-14,Desktop,iOS
jennifer78,DDcsxipq,2022-07-07,iPhone,Linux
johnsonsarah,TiRSmQjr,2022-01-31,Web,Android
nicholas27,QV,2021-10-23,Android,iOS
patricia05,PkXB,2023-08-03,iPhone,Windows
brittanycameron,ACPmIHvqe,2020-08-29,Web,macOS
ryan80,IvYrpklhA,2022-08-23,Android,Android
nbarnes,DbXpHllz,2022-05-29,Desktop,Android
elarson,meznRwn,2020-01-20,iPad,Android
owilson,VOwWqlIJY,2021-06-21,iPhone,Windows
bernardteresa,gFSsoBb,2023-12-27,Web,Windows
michelleirwin,Bfzc,2023-08-05,Desktop,iOS
norrisjeremy,xoH,2021-01-21,iPhone,iOS
mooremaria,jQiKKgN,2023-01-08,Web,Android
ebony12,neTdaFeKv,2022-02-24,iPhone,Linux
zachary79,tSNo,2021-11-17,iPad,Linux
christophersmith,ONl,2024-01-08,iPhone,iOS
esimpson,ADftY,2023-05-14,Android,Linux
uhall,vlP,2023-10-08,iPhone,iOS
john24,TukNZgff,2022-09-05,Desktop,Android
kimchristopher,WB,2023-02-06,Desktop,macOS
jennifer20,LqRVB,2023-11-18,Web,Windows
heather88,bRo,2022-05-29,Web,Android
uclark,gnFExzm,2020-07-22,Android,Windows
djohnston,NTVRI,2021-10-11,Android,Linux
william88,UVWlp,2020-01-26,Android,iOS
emilynguyen,JVq,2022-03-17,iPad,iOS
alijoseph,QLmFQ,2022-04-22,iPad,Linux
peter13,Gi,2023-03-11,iPad,Windows
ebean,cLGYAVfeJe,2021-09-13,iPhone,Linux
rbrown,FEOq,2022-10-21,iPad,Windows
craighall,namrXv,2023-12-15,Web,macOS
jamesjames,xnp,2022-05-21,Web,macOS
kristen27,Ho,2022-09-01,Web,Linux
davidcervantes,EiMokqrrD,2020-12-24,Desktop,Linux
josephparrish,DAcgXuqltl,2020-10-14,Android,Android
brandy47,PwgQiZerb,2023-08-03,Desktop,Windows
oroth,gzPCzUNhfb,2023-06-18,Desktop,Linux
susan46,RLVu,2023-10-09,iPad,Android
smithmelanie,JJgGs,2023-06-20,iPad,Android
kimberly15,FfussB,2023-07-05,iPad,Windows
tylerwalker,zJPAVBdpo,2021-03-16,Web,Windows
donna65,ebAA,2022-12-16,Android,macOS
alijustin,fRX,2020-12-29,Android,Windows
smithbrandon,AUtuPg,2022-01-08,Android,iOS
lblackburn,Ch,2022-02-20,Android,Android
michael36,shBQUB,2020-11-08,Web,Android
isanders,AH,2020-07-30,Desktop,Android
michaelfrench,oyYT,2024-01-06,iPad,Linux
donaldharvey,tcRRkdjf,2022-01-25,Android,Windows
ijohnson,uxRkSFBXfm,2023-08-16,Android,iOS
bonniebrock,RDKPPjSjr,2023-08-02,Android,macOS
karen26,fIiXd,2024-01-12,iPhone,Windows
angela30,omLYn,2022-11-23,Desktop,iOS
torreseric,xQJcyLa,2022-05-14,Web,iOS
timothy10,ihq,2023-03-11,Android,Linux
christopherfrazier,DiKAc,2021-11-10,iPad,Linux
corydavis,sbJQcduT,2022-08-04,Desktop,Android
tdiaz,XlrwRvS,2023-12-31,iPad,macOS
bford,UAH,2021-04-14,Desktop,Android
cesarowens,RigI,2022-11-06,iPhone,Windows
pageadam,nDOLDdG,2021-03-22,iPhone,macOS
jonathanmcdaniel,zIWeKBmR,2023-02-24,Android,Windows
jcarter,Uj,2022-12-12,Android,Linux
matthew09,fnREFKj,2021-04-04,Desktop,Linux
gregorymartinez,EnXEQOb,2021-08-05,iPad,iOS
nelsontim,lcdWmTWDL,2023-10-05,iPhone,Linux
clarkemichael,nCvwuStdS,2021-12-28,Web,Android
xcastaneda,qLPz,2020-02-26,iPhone,Android
howeheather,tepsijrot,2024-04-11,iPhone,Windows
bbaldwin,IORCHB,2023-11-23,Android,Android
greennicolas,JrEYeefY,2023-02-15,Android,iOS
williamhernandez,zhEm,2021-08-26,Web,macOS
taylor70,AvWsrCGq,2020-10-26,Desktop,macOS
rebecca83,gXd,2023-11-15,Web,macOS
marysantos,TTa,2023-06-17,Android,iOS
martinezbarry,prXuuriX,2020-05-13,Web,macOS
pinedalaura,tahKLI,2021-10-17,Desktop,Android
morrisonjennifer,XuhjYxlK,2020-08-06,iPad,macOS
agates,xYmBGf,2023-03-09,Android,macOS
andrewramos,bhdHrcrGt,2023-09-30,Web,Android
